Provincia,Partido,Otros,<= 1 Mbps,"> 1 Mbps, <= 5 Mbps","> 5 Mbps, <= 10 Mbps","> 10 Mbps, <= 15 Mbps","> 15 Mbps, <= 20 Mbps","> 20 Mbps, <= 25 Mbps","> 25 Mbps, <= 30 Mbps","> 30 Mbps, <= 50 Mbps",> 50 Mbps,Total Accesos,Poblacion ENACOM,Poblacion INDEC,Total de viviendas,% accesos
BUENOS AIRES,25 de Mayo,0.0,24.0,1558.0,1783.0,4567.0,604.0,211.0,63.0,37.0,10.0,8857.0,32156.0,36676.0,16304.0,54.32409224730128
BUENOS AIRES,9 de Julio,1.0,21.0,1515.0,8150.0,1201.0,1037.0,197.0,327.0,2051.0,1008.0,15508.0,40128.0,52941.0,23630.0,65.62843842573001
BUENOS AIRES,Adolfo Alsina,10.0,3.0,1360.0,1300.0,1235.0,25.0,0.0,26.0,266.0,34.0,4259.0,15188.0,17666.0,8828.0,48.244222927050295
BUENOS AIRES,Adolfo Gonzales Chaves,0.0,3.0,875.0,610.0,1060.0,0.0,0.0,46.0,1.0,0.0,2595.0,1880.0,12954.0,5947.0,43.635446443585
BUENOS AIRES,Alberti,0.0,4.0,342.0,151.0,300.0,0.0,0.0,2.0,0.0,1.0,800.0,412.0,12726.0,5960.0,13.422818791946309
BUENOS AIRES,Almirante Brown,53.0,241.0,1068.0,6981.0,439.0,413.0,1215.0,63455.0,9397.0,63768.0,147030.0,552138.0,585852.0,184463.0,79.70704152052173
BUENOS AIRES,Arrecifes,0.0,146.0,2019.0,379.0,544.0,3510.0,7.0,4.0,1627.0,493.0,8729.0,27596.0,32405.0,12730.0,68.57030636292222
BUENOS AIRES,Avellaneda,32.0,274.0,933.0,4865.0,5348.0,1338.0,1481.0,8278.0,41197.0,37377.0,101123.0,339126.0,370939.0,145052.0,69.71499875906572
BUENOS AIRES,Ayacucho,0.0,175.0,160.0,779.0,1226.0,0.0,0.0,5.0,0.0,0.0,2345.0,17551.0,22136.0,9766.0,24.011877943886955
BUENOS AIRES,Azul,13.0,250.0,2986.0,1175.0,886.0,306.0,699.0,48.0,7081.0,4345.0,17789.0,61771.0,75396.0,32319.0,55.04192580215972
BUENOS AIRES,Bahía Blanca,7.0,416.0,2972.0,3996.0,1963.0,937.0,26163.0,1605.0,58689.0,19964.0,116712.0,293373.0,335190.0,150624.0,77.48565965583174
BUENOS AIRES,Balcarce,37.0,80.0,478.0,1526.0,664.0,57.0,291.0,42.0,7871.0,2160.0,13206.0,39795.0,51736.0,20691.0,63.82485138466
BUENOS AIRES,Baradero,0.0,60.0,1363.0,1799.0,143.0,67.0,411.0,13.0,4120.0,1729.0,9705.0,29119.0,38526.0,15252.0,63.63099921321794
BUENOS AIRES,Benito Juárez,5.0,74.0,232.0,510.0,915.0,0.0,0.0,33.0,0.0,0.0,1769.0,1379.0,22558.0,9442.0,18.735437407328956
BUENOS AIRES,Berazategui,10.0,135.0,2366.0,2166.0,3586.0,364.0,528.0,11746.0,39149.0,34602.0,94652.0,324155.0,360582.0,117736.0,80.39342257253517
BUENOS AIRES,Berisso,683.0,174.0,1717.0,1941.0,1782.0,221.0,5892.0,97.0,6797.0,4693.0,23997.0,87698.0,101263.0,35982.0,66.69167917291979
BUENOS AIRES,Bolívar,51.0,13.0,375.0,568.0,636.0,17.0,300.0,16.0,3388.0,969.0,6333.0,4445.0,38119.0,17743.0,35.69294933213098
BUENOS AIRES,Bragado,0.0,18.0,1204.0,354.0,494.0,8.0,446.0,18.0,2417.0,1135.0,6094.0,38722.0,44972.0,20267.0,30.068584398282923
BUENOS AIRES,Brandsen,10.0,40.0,1040.0,1463.0,1158.0,14.0,17.0,6.0,1042.0,360.0,5150.0,22373.0,33026.0,14878.0,34.614867589729805
BUENOS AIRES,Campana,285.0,201.0,536.0,1904.0,511.0,327.0,649.0,94.0,11909.0,11102.0,27518.0,90927.0,110726.0,40957.0,67.18753814976682
BUENOS AIRES,Capitán Sarmiento,0.0,0.0,162.0,403.0,336.0,2.0,535.0,4.0,2480.0,323.0,4245.0,13318.0,15906.0,6342.0,66.93472090823084
BUENOS AIRES,Carlos Casares,0.0,80.0,525.0,2545.0,1360.0,0.0,5.0,3.0,494.0,604.0,5616.0,19612.0,23204.0,11252.0,49.91112691077142
BUENOS AIRES,Carlos Tejedor,1.0,1.0,985.0,1111.0,8.0,4.0,0.0,0.0,0.0,0.0,2110.0,6852.0,13148.0,5469.0,38.581093435728654
BUENOS AIRES,Carmen de Areco,0.0,5.0,1095.0,122.0,231.0,1.0,52.0,4.0,1245.0,284.0,3039.0,13288.0,17386.0,7184.0,42.30233853006681
BUENOS AIRES,Castelli,0.0,107.0,891.0,313.0,348.0,0.0,678.0,0.0,41.0,8.0,2386.0,6973.0,10517.0,4100.0,58.195121951219505
BUENOS AIRES,Cañuelas,4.0,411.0,607.0,1693.0,1031.0,1445.0,322.0,28.0,3801.0,4027.0,13369.0,54914.0,71149.0,27431.0,48.736830593124566
BUENOS AIRES,Chacabuco,0.0,30.0,834.0,818.0,665.0,39.0,600.0,40.0,5889.0,2622.0,11537.0,42436.0,53157.0,24626.0,46.84885892958662
BUENOS AIRES,Chascomús,248.0,440.0,3462.0,1555.0,1111.0,510.0,340.0,17.0,4218.0,2575.0,14476.0,33607.0,42914.0,18641.0,77.65677806984603
BUENOS AIRES,Chivilcoy,1.0,52.0,2141.0,2812.0,1006.0,20.0,562.0,30.0,4918.0,3329.0,14871.0,61069.0,70765.0,32072.0,46.367548016961834
BUENOS AIRES,Colón,2414.0,6.0,1454.0,1292.0,756.0,6.0,57.0,107.0,1099.0,312.0,7503.0,23534.0,27356.0,11044.0,67.93734154291923
BUENOS AIRES,Coronel Dorrego,6.0,2.0,52.0,1027.0,257.0,8.0,88.0,10.0,747.0,189.0,2386.0,13446.0,16227.0,8672.0,27.51383763837638
BUENOS AIRES,Coronel Pringles,2.0,16.0,119.0,2172.0,426.0,11.0,0.0,10.0,8.0,0.0,2764.0,1054.0,24249.0,11414.0,24.21587524093219
BUENOS AIRES,Coronel Suárez,3.0,16.0,221.0,4061.0,720.0,1501.0,122.0,484.0,1953.0,448.0,9529.0,34780.0,42676.0,19636.0,48.52821348543492
BUENOS AIRES,Coronel de Marina Leonardo Rosales,0.0,154.0,508.0,288.0,330.0,19.0,333.0,18.0,17232.0,2176.0,21058.0,1172.0,70407.0,28180.0,74.72675656493968
BUENOS AIRES,Daireaux,0.0,4.0,369.0,401.0,187.0,0.0,0.0,0.0,0.0,0.0,961.0,14046.0,19149.0,7582.0,12.674756001055131
BUENOS AIRES,Dolores,0.0,96.0,610.0,6175.0,802.0,674.0,321.0,20.0,2651.0,721.0,12070.0,26226.0,31606.0,13781.0,87.58435527175095
BUENOS AIRES,Ensenada,17.0,456.0,2163.0,971.0,571.0,188.0,404.0,1659.0,4800.0,5086.0,16315.0,56463.0,64406.0,24242.0,67.3005527596733
BUENOS AIRES,Escobar,1984.0,563.0,1889.0,9694.0,321.0,9388.0,404.0,6785.0,7634.0,23293.0,61955.0,212208.0,256449.0,95132.0,65.12529958373628
BUENOS AIRES,Esteban Echeverría,116.0,90.0,781.0,2498.0,266.0,172.0,623.0,27074.0,5648.0,35409.0,72677.0,300745.0,339030.0,110009.0,66.06459471497786
BUENOS AIRES,Exaltación de la Cruz,2.0,8.0,51.0,6446.0,659.0,54.0,2528.0,82.0,788.0,181.0,10799.0,16632.0,39347.0,17532.0,61.595938854665754
BUENOS AIRES,Ezeiza,70.0,91.0,949.0,5192.0,1216.0,552.0,410.0,5830.0,2569.0,26999.0,43878.0,162475.0,203283.0,66005.0,66.476782061965
BUENOS AIRES,Florencio Varela,6.0,1042.0,3478.0,4049.0,557.0,230.0,224.0,23452.0,3536.0,42865.0,79439.0,426004.0,497818.0,145572.0,54.57024702552688
BUENOS AIRES,Florentino Ameghino,1.0,10.0,146.0,277.0,14.0,0.0,0.0,0.0,0.0,0.0,448.0,8057.0,9785.0,4140.0,10.821256038647343
BUENOS AIRES,General Alvarado,257.0,360.0,2395.0,2484.0,1780.0,6.0,41.0,15.0,1075.0,322.0,8735.0,37816.0,45597.0,38952.0,22.4250359416718
BUENOS AIRES,General Alvear,0.0,0.0,0.0,53.0,0.0,47.0,0.0,1.0,0.0,0.0,101.0,9812.0,12941.0,4538.0,2.2256500661084178
BUENOS AIRES,General Arenales,5.0,59.0,3008.0,2072.0,2.0,30.0,0.0,0.0,7.0,0.0,5183.0,13987.0,16050.0,7474.0,69.34706984211935
BUENOS AIRES,General Belgrano,0.0,10.0,322.0,1520.0,288.0,231.0,368.0,71.0,117.0,156.0,3083.0,15732.0,21251.0,9743.0,31.64323103766807
BUENOS AIRES,General Guido,0.0,111.0,32.0,162.0,88.0,0.0,103.0,0.0,106.0,0.0,602.0,2090.0,3226.0,1638.0,36.75213675213676
BUENOS AIRES,General Juan Madariaga,1.0,10.0,178.0,668.0,905.0,0.0,0.0,558.0,0.0,91.0,2411.0,18089.0,23019.0,9352.0,25.780581693755344
BUENOS AIRES,General La Madrid,0.0,123.0,1283.0,930.0,1355.0,2.0,0.0,52.0,381.0,22.0,4148.0,8288.0,11666.0,5324.0,77.91134485349362
BUENOS AIRES,General Las Heras,1.0,30.0,285.0,2096.0,86.0,398.0,0.0,321.0,51.0,0.0,3268.0,1147.0,17572.0,6866.0,47.59685406350131
BUENOS AIRES,General Lavalle,68.0,1.0,160.0,203.0,0.0,0.0,0.0,1.0,0.0,196.0,629.0,2769.0,4949.0,1971.0,31.912734652460678
BUENOS AIRES,General Paz,0.0,1.0,1897.0,377.0,479.0,63.0,1.0,137.0,0.0,0.0,2955.0,8573.0,14230.0,6842.0,43.18912598655364
BUENOS AIRES,General Pinto,0.0,82.0,1608.0,6.0,2.0,2.0,0.0,0.0,0.0,0.0,1700.0,6557.0,12223.0,5838.0,29.11956149366221
BUENOS AIRES,General Pueyrredón,7.0,641.0,5626.0,9733.0,10470.0,3064.0,5255.0,43750.0,97488.0,55247.0,231281.0,582823.0,682605.0,349006.0,66.26848822083288
BUENOS AIRES,General Rodríguez,2.0,68.0,973.0,808.0,404.0,1349.0,375.0,1527.0,3288.0,5053.0,13847.0,85315.0,143211.0,53323.0,25.968156330288995
BUENOS AIRES,General San Martín,43.0,1396.0,3184.0,10238.0,893.0,3419.0,2821.0,4987.0,51354.0,45159.0,123494.0,330966.0,450335.0,176082.0,70.13436921434332
BUENOS AIRES,General Viamonte,0.0,2.0,4183.0,674.0,237.0,33.0,10.0,2.0,0.0,0.0,5141.0,16697.0,20068.0,8847.0,58.11009381711315
BUENOS AIRES,General Villegas,451.0,30.0,433.0,955.0,19.0,209.0,32.0,0.0,561.0,2173.0,4863.0,8123.0,33679.0,14866.0,32.712229247948336
BUENOS AIRES,Guaminí,0.0,181.0,761.0,91.0,1.0,0.0,0.0,0.0,0.0,0.0,1034.0,7351.0,12005.0,5758.0,17.957624175060786
BUENOS AIRES,Hipólito Yrigoyen,0.0,1.0,11.0,864.0,55.0,0.0,0.0,0.0,0.0,0.0,931.0,8645.0,10539.0,4503.0,20.675105485232066
BUENOS AIRES,Hurlingham,3.0,194.0,500.0,1317.0,621.0,192.0,639.0,8809.0,20180.0,15695.0,48150.0,181241.0,187122.0,66052.0,72.89711136680191
BUENOS AIRES,Ituzaingó,11.0,121.0,408.0,2165.0,282.0,190.0,658.0,24500.0,5908.0,21597.0,55840.0,167824.0,179788.0,64212.0,86.96193857845886
BUENOS AIRES,José C. Paz,1.0,1290.0,358.0,1962.0,12.0,165.0,111.0,11614.0,301.0,21865.0,37679.0,265980.0,323918.0,97125.0,38.79433719433719
BUENOS AIRES,Junín,13.0,125.0,5497.0,6574.0,836.0,395.0,1480.0,79.0,11540.0,6299.0,32838.0,89498.0,101762.0,44301.0,74.12473759057357
BUENOS AIRES,La Costa,1598.0,117.0,2319.0,7435.0,9831.0,228.0,5482.0,45.0,37.0,10653.0,37745.0,69451.0,102836.0,128848.0,29.294207127778467
BUENOS AIRES,La Matanza,4.0,1136.0,6129.0,32660.0,2732.0,4379.0,2018.0,100185.0,13897.0,183487.0,346627.0,1668382.0,1837774.0,577402.0,60.032178620787604
BUENOS AIRES,La Plata,1202.0,2630.0,7221.0,10079.0,6357.0,4343.0,7195.0,37509.0,80813.0,79119.0,236468.0,210040.0,772618.0,329119.0,71.8487841783671
BUENOS AIRES,Lanús,138.0,424.0,596.0,6334.0,833.0,809.0,1840.0,43213.0,29918.0,50415.0,134520.0,459262.0,462051.0,179602.0,74.89894321889511
BUENOS AIRES,Laprida,0.0,0.0,42.0,32.0,1362.0,0.0,0.0,965.0,442.0,29.0,2872.0,9124.0,11726.0,5471.0,52.494973496618535
BUENOS AIRES,Las Flores,1.0,152.0,2589.0,2089.0,363.0,38.0,1.0,22.0,2.0,0.0,5257.0,21672.0,26651.0,12045.0,43.64466583644666
BUENOS AIRES,Leandro N. Alem,99.0,8.0,1316.0,1661.0,735.0,499.0,0.0,4.0,0.0,0.0,4322.0,12034.0,17587.0,7496.0,57.657417289220916
BUENOS AIRES,Lincoln,1.0,256.0,1521.0,1971.0,518.0,87.0,409.0,28.0,4802.0,1615.0,11208.0,37126.0,44974.0,20147.0,55.631111331711914
BUENOS AIRES,Lobería,16.0,8.0,654.0,1024.0,909.0,86.0,0.0,27.0,92.0,98.0,2914.0,14693.0,18234.0,8159.0,35.71516117171222
BUENOS AIRES,Lobos,1.0,2158.0,772.0,3770.0,229.0,19.0,658.0,3.0,1076.0,178.0,8864.0,31126.0,41717.0,18849.0,47.02636744654889
BUENOS AIRES,Lomas de Zamora,336.0,902.0,1217.0,10981.0,1095.0,986.0,2245.0,42150.0,19456.0,76250.0,155618.0,616279.0,694330.0,235537.0,66.06944981043318
BUENOS AIRES,Luján,93.0,413.0,1713.0,5529.0,1472.0,4313.0,382.0,2126.0,8801.0,6610.0,31452.0,102510.0,111365.0,41348.0,76.06655702815131
BUENOS AIRES,Magdalena,423.0,103.0,1423.0,2378.0,867.0,0.0,318.0,1.0,137.0,0.0,5650.0,12280.0,26734.0,9135.0,61.850027367268744
BUENOS AIRES,Maipú,1100.0,76.0,40.0,292.0,429.0,0.0,0.0,3.0,0.0,0.0,1940.0,9343.0,11517.0,4862.0,39.90127519539284
BUENOS AIRES,Malvinas Argentinas,429.0,776.0,4071.0,4750.0,1489.0,3068.0,2442.0,8423.0,1838.0,18237.0,45523.0,322375.0,351788.0,102534.0,44.397955800027304
BUENOS AIRES,Mar Chiquita,0.0,650.0,1826.0,3842.0,148.0,386.0,18.0,150.0,10.0,4.0,7034.0,18190.0,33284.0,21735.0,32.36254888428802
BUENOS AIRES,Marcos Paz,1.0,117.0,1937.0,3281.0,656.0,2146.0,3.0,555.0,357.0,501.0,9554.0,50460.0,67154.0,22652.0,42.177291188416035
BUENOS AIRES,Mercedes,1.0,60.0,801.0,2404.0,308.0,2998.0,100.0,3205.0,955.0,507.0,11339.0,58045.0,73477.0,30377.0,37.32758336899628
BUENOS AIRES,Merlo,66.0,525.0,7348.0,6403.0,495.0,77.0,416.0,42202.0,8853.0,47678.0,114063.0,527658.0,580806.0,180086.0,63.338071810135155
BUENOS AIRES,Monte,1.0,90.0,1782.0,1671.0,42.0,759.0,96.0,2.0,1881.0,441.0,6765.0,603.0,24481.0,10668.0,63.41394825646795
BUENOS AIRES,Monte Hermoso,0.0,0.0,384.0,4174.0,290.0,691.0,0.0,304.0,4.0,13.0,5860.0,6469.0,8821.0,12035.0,48.69131699210635
BUENOS AIRES,Moreno,5.0,188.0,3299.0,13324.0,376.0,16774.0,978.0,26871.0,6613.0,31463.0,99891.0,452506.0,574374.0,185106.0,53.964215098376066
BUENOS AIRES,Morón,9.0,266.0,529.0,2401.0,1010.0,911.0,1810.0,18985.0,42045.0,36858.0,104824.0,321107.0,334178.0,141940.0,73.85092292517965
BUENOS AIRES,Navarro,5.0,28.0,322.0,1771.0,344.0,1.0,928.0,634.0,307.0,73.0,4413.0,13916.0,20383.0,8547.0,51.63215163215163
BUENOS AIRES,Necochea,0.0,334.0,3392.0,3928.0,2343.0,596.0,2399.0,478.0,7535.0,3712.0,24717.0,88207.0,104977.0,49693.0,49.73939991548105
BUENOS AIRES,Olavarría,1.0,18.0,1178.0,2132.0,1284.0,428.0,876.0,46.0,10211.0,7631.0,23805.0,109515.0,126328.0,51989.0,45.78853218950162
BUENOS AIRES,Patagones,0.0,19.0,518.0,776.0,749.0,1000.0,0.0,4161.0,1.0,0.0,7224.0,28220.0,37811.0,17386.0,41.55067295525135
BUENOS AIRES,Pehuajó,10.0,40.0,2210.0,1468.0,1265.0,12.0,0.0,5.0,0.0,0.0,5010.0,37435.0,42561.0,19929.0,25.139244317326508
BUENOS AIRES,Pellegrini,0.0,3.0,20.0,898.0,245.0,0.0,2.0,1.0,0.0,0.0,1169.0,5115.0,6948.0,3158.0,37.017099430019
BUENOS AIRES,Pergamino,118.0,495.0,5428.0,1741.0,670.0,377.0,543.0,133.0,11310.0,4933.0,25748.0,97600.0,114052.0,47895.0,53.759265058983196
BUENOS AIRES,Pila,0.0,12.0,6.0,37.0,5.0,0.0,0.0,1.0,0.0,0.0,61.0,2568.0,4609.0,2178.0,2.800734618916437
BUENOS AIRES,Pilar,233.0,396.0,4310.0,13912.0,1768.0,10481.0,987.0,12499.0,10445.0,24745.0,79776.0,286789.0,395072.0,137471.0,58.03114838765995
BUENOS AIRES,Pinamar,1000.0,22.0,87.0,16102.0,4700.0,51.0,116.0,21.0,2157.0,1432.0,25688.0,25397.0,40259.0,32406.0,79.26927112263161
BUENOS AIRES,Presidente Perón,2.0,10.0,195.0,620.0,43.0,6.0,42.0,3577.0,327.0,11747.0,16569.0,80824.0,102128.0,32171.0,51.50290634422306
BUENOS AIRES,Punta Indio,0.0,1.0,963.0,79.0,131.0,1.0,0.0,1.0,0.0,0.0,1176.0,7500.0,12419.0,6779.0,17.34769139991149
BUENOS AIRES,Puán,2142.0,2.0,603.0,1689.0,259.0,757.0,0.0,281.0,1.0,0.0,5734.0,13152.0,16427.0,8809.0,65.09251901464411
BUENOS AIRES,Quilmes,3.0,214.0,1403.0,7111.0,1003.0,1258.0,2444.0,47172.0,25015.0,65638.0,151261.0,582944.0,636026.0,221851.0,68.18134694006338
BUENOS AIRES,Ramallo,1544.0,16.0,27.0,731.0,244.0,20.0,48.0,4.0,1949.0,795.0,5378.0,17889.0,39116.0,14796.0,36.347661530143284
BUENOS AIRES,Rauch,0.0,91.0,207.0,550.0,711.0,105.0,0.0,6.0,0.0,0.0,1670.0,12705.0,17234.0,8168.0,20.44564152791381
BUENOS AIRES,Rivadavia,148.0,575.0,2411.0,994.0,89.0,0.0,0.0,1.0,0.0,0.0,4218.0,14903.0,19844.0,8304.0,50.79479768786127
BUENOS AIRES,Rojas,153.0,527.0,3527.0,1064.0,611.0,32.0,16.0,16.0,656.0,300.0,6902.0,21774.0,25290.0,11703.0,58.976330855336236
BUENOS AIRES,Roque Pérez,0.0,422.0,63.0,1491.0,140.0,14.0,21.0,0.0,399.0,69.0,2619.0,10757.0,14032.0,6057.0,43.23922734026746
BUENOS AIRES,Saavedra,0.0,2.0,906.0,244.0,2821.0,1.0,314.0,286.0,37.0,0.0,4611.0,18474.0,22846.0,10639.0,43.34053952439139
BUENOS AIRES,Saladillo,1.0,9.0,425.0,2224.0,1406.0,19.0,435.0,13.0,4051.0,876.0,9459.0,28455.0,35669.0,16213.0,58.342071177450194
BUENOS AIRES,Salliqueló,36.0,2.0,13.0,33.0,116.0,0.0,0.0,2.0,0.0,0.0,202.0,8270.0,9941.0,4468.0,4.521038495971352
BUENOS AIRES,Salto,2460.0,194.0,767.0,5609.0,308.0,118.0,1285.0,42.0,42.0,5.0,10830.0,30740.0,40157.0,15774.0,68.6572841384557
BUENOS AIRES,San Andrés de Giles,0.0,4.0,1119.0,2959.0,260.0,11.0,1479.0,2.0,446.0,130.0,6410.0,18741.0,26474.0,11044.0,58.04056501267657
BUENOS AIRES,San Antonio de Areco,1.0,91.0,3099.0,581.0,624.0,34.0,57.0,8.0,2450.0,1506.0,8451.0,21523.0,26671.0,10583.0,79.85448360578286
BUENOS AIRES,San Cayetano,0.0,0.0,1048.0,1260.0,94.0,0.0,0.0,24.0,3.0,0.0,2429.0,7451.0,9611.0,4695.0,51.735889243876464
BUENOS AIRES,San Fernando,1.0,670.0,1690.0,4520.0,323.0,1126.0,1169.0,3438.0,15143.0,19550.0,47630.0,160285.0,172524.0,62400.0,76.3301282051282
BUENOS AIRES,San Isidro,33.0,807.0,1140.0,6755.0,814.0,5115.0,3095.0,2400.0,39052.0,40503.0,99714.0,292877.0,298777.0,121324.0,82.18819030035277
BUENOS AIRES,San Miguel,23.0,111.0,2941.0,17011.0,506.0,46013.0,159.0,29150.0,7584.0,7454.0,110952.0,276191.0,326215.0,107773.0,102.9497183895781
BUENOS AIRES,San Nicolás,3.0,860.0,636.0,8052.0,1160.0,1628.0,986.0,176.0,11224.0,8200.0,32925.0,138566.0,165375.0,60204.0,54.68905720550129
BUENOS AIRES,San Pedro,237.0,631.0,680.0,2224.0,181.0,23.0,263.0,58.0,6611.0,3268.0,14176.0,51626.0,69616.0,25996.0,54.531466379442996
BUENOS AIRES,San Vicente,1.0,43.0,1077.0,1108.0,435.0,26.0,95.0,6399.0,1198.0,4977.0,15359.0,58165.0,98977.0,35799.0,42.9034330567893
BUENOS AIRES,Suipacha,1465.0,0.0,192.0,1192.0,604.0,3.0,0.0,106.0,28.0,0.0,3590.0,8881.0,11867.0,4938.0,72.70149858242203
BUENOS AIRES,Tandil,161.0,272.0,1812.0,1869.0,1168.0,996.0,2303.0,2651.0,19690.0,12068.0,42990.0,117505.0,150162.0,64869.0,66.27202515839615
BUENOS AIRES,Tapalqué,0.0,1.0,0.0,20.0,0.0,0.0,0.0,2.0,0.0,0.0,23.0,7444.0,10901.0,4734.0,0.48584706379383186
BUENOS AIRES,Tigre,3215.0,608.0,1611.0,8926.0,758.0,2760.0,2261.0,14793.0,33300.0,50261.0,118493.0,328041.0,447785.0,152804.0,77.54574487578859
BUENOS AIRES,Tordillo,14.0,0.0,199.0,94.0,33.0,0.0,0.0,0.0,0.0,0.0,340.0,1302.0,2672.0,1094.0,31.078610603290674
BUENOS AIRES,Tornquist,1.0,3.0,514.0,2775.0,867.0,17.0,0.0,450.0,5.0,98.0,4730.0,10650.0,14669.0,8048.0,58.77236580516899
BUENOS AIRES,Trenque Lauquen,0.0,26.0,2701.0,11165.0,288.0,0.0,52.0,4702.0,783.0,216.0,19933.0,38448.0,48423.0,21985.0,90.6663634296111
BUENOS AIRES,Tres Arroyos,9.0,146.0,3493.0,5442.0,1882.0,124.0,762.0,1109.0,6674.0,1546.0,21187.0,53109.0,62835.0,33749.0,62.77815638981896
BUENOS AIRES,Tres de Febrero,7.0,817.0,1700.0,8560.0,813.0,3243.0,2376.0,12262.0,48604.0,44880.0,123262.0,340072.0,366377.0,149096.0,82.6729087299458
BUENOS AIRES,Tres Lomas,0.0,1.0,376.0,901.0,77.0,20.0,0.0,0.0,2.0,0.0,1377.0,8061.0,8825.0,4261.0,32.31635766252053
BUENOS AIRES,Vicente López,39.0,644.0,1310.0,6221.0,637.0,4079.0,3072.0,2501.0,53355.0,38254.0,110112.0,269419.0,283510.0,126227.0,87.23331775293717
BUENOS AIRES,Villa Gesell,1.0,2.0,172.0,9400.0,0.0,561.0,0.0,249.0,355.0,333.0,11073.0,29593.0,38614.0,31300.0,35.37699680511182
BUENOS AIRES,Villarino,0.0,0.0,481.0,1915.0,1038.0,126.0,0.0,1528.0,156.0,0.0,5244.0,20397.0,33170.0,13482.0,38.89630618602581
BUENOS AIRES,Zárate,703.0,171.0,997.0,5026.0,3168.0,1301.0,735.0,130.0,7843.0,9155.0,29229.0,108741.0,132087.0,49561.0,58.97580759064587
CABA,Ciudad Autónoma de Buenos Aires,1717.0,6102.0,23877.0,93431.0,36331.0,24722.0,33646.0,59618.0,420964.0,559483.0,1259891.0,0.0,3120612.0,1640710.0,76.78937776938032
CATAMARCA,Ambato,47.0,14.0,166.0,0.0,0.0,0.0,0.0,0.0,0.0,0.0,227.0,2689.0,5027.0,4016.0,5.652390438247012
CATAMARCA,Ancasti,0.0,1.0,0.0,0.0,0.0,0.0,0.0,0.0,0.0,0.0,1.0,361.0,3294.0,1523.0,0.06565988181221273
CATAMARCA,Andalgalá,0.0,42.0,71.0,744.0,438.0,0.0,0.0,0.0,0.0,0.0,1295.0,14992.0,19364.0,7872.0,16.450711382113823
CATAMARCA,Antofagasta de la Sierra,6.0,0.0,0.0,0.0,0.0,0.0,0.0,0.0,0.0,0.0,6.0,730.0,2008.0,1018.0,0.5893909626719057
CATAMARCA,Belén,3.0,10.0,0.0,0.0,0.0,0.0,0.0,0.0,0.0,0.0,13.0,16612.0,30736.0,11645.0,0.11163589523400601
CATAMARCA,Capayán,1.0,15.0,10.0,466.0,13.0,140.0,0.0,76.0,0.0,0.0,721.0,13500.0,19740.0,7546.0,9.554730983302411
CATAMARCA,Capital,0.0,391.0,1285.0,6387.0,3445.0,3524.0,2801.0,132.0,21172.0,12117.0,51254.0,159183.0,188489.0,63925.0,80.17833398513883
CATAMARCA,El Alto,0.0,2.0,28.0,0.0,0.0,0.0,0.0,0.0,0.0,0.0,30.0,945.0,4251.0,2161.0,1.3882461823229986
CATAMARCA,Fray Mamerto Esquiú,0.0,2.0,10.0,0.0,0.0,0.0,0.0,8.0,13.0,8.0,41.0,740.0,14565.0,4851.0,0.8451865594722737
CATAMARCA,La Paz,0.0,8.0,62.0,526.0,71.0,1.0,0.0,0.0,0.0,0.0,668.0,16942.0,25796.0,9878.0,6.762502530876696
CATAMARCA,Paclín,0.0,11.0,18.0,63.0,11.0,0.0,0.0,0.0,0.0,0.0,103.0,2290.0,4764.0,2690.0,3.8289962825278807
CATAMARCA,Pomán,0.0,5.0,16.0,0.0,0.0,0.0,0.0,176.0,0.0,0.0,197.0,8655.0,11845.0,4788.0,4.114452798663325
CATAMARCA,Santa María,2150.0,3.0,0.0,0.0,0.0,0.0,0.0,0.0,0.0,0.0,2153.0,14937.0,27186.0,10597.0,20.317070869113902
CATAMARCA,Santa Rosa,0.0,5.0,6.0,0.0,0.0,0.0,0.0,0.0,0.0,0.0,11.0,7774.0,13383.0,4719.0,0.2331002331002331
CATAMARCA,Tinogasta,0.0,7.0,17.0,1342.0,44.0,865.0,0.0,116.0,0.0,0.0,2391.0,16178.0,25198.0,10418.0,22.950662315223653
CATAMARCA,Valle Viejo,0.0,11.0,15.0,163.0,0.0,221.0,0.0,452.0,692.0,339.0,1893.0,26084.0,33910.0,11791.0,16.054617928928845
CHACO,12 de Octubre,32.0,8.0,1.0,688.0,15.0,38.0,0.0,3.0,4.0,0.0,789.0,17731.0,23794.0,8214.0,9.60555149744339
CHACO,1º de Mayo,10.0,6.0,88.0,494.0,240.0,0.0,0.0,0.0,0.0,0.0,838.0,7913.0,14484.0,5543.0,15.118167057550064
CHACO,2 de Abril,74.0,29.0,0.0,617.0,0.0,0.0,0.0,0.0,0.0,0.0,720.0,5452.0,9336.0,3615.0,19.91701244813278
CHACO,25 de Mayo,33.0,5.0,6.0,983.0,47.0,0.0,0.0,0.0,0.0,0.0,1074.0,23269.0,32958.0,11384.0,9.43429374560787
CHACO,9 de Julio,31.0,10.0,57.0,1296.0,88.0,6.0,0.0,1.0,2.0,0.0,1491.0,22953.0,30630.0,11762.0,12.676415575582384
CHACO,Almirante Brown,156.0,346.0,1830.0,362.0,58.0,0.0,0.0,0.0,0.0,0.0,2752.0,27705.0,38408.0,14432.0,19.06873614190687
CHACO,Bermejo,117.0,15.0,741.0,644.0,145.0,37.0,0.0,0.0,0.0,0.0,1699.0,19588.0,28354.0,10112.0,16.801819620253163
CHACO,Chacabuco,71.0,20.0,355.0,2724.0,109.0,133.0,0.0,40.0,10.0,0.0,3462.0,26497.0,34674.0,12825.0,26.994152046783626
CHACO,Comandante Fernández,463.0,178.0,642.0,3016.0,112.0,1665.0,752.0,102.0,710.0,2130.0,9770.0,89882.0,102086.0,37467.0,26.076280460138257
CHACO,Fray Justo Santa María de Oro,1045.0,33.0,0.0,0.0,0.0,0.0,0.0,0.0,0.0,0.0,1078.0,8281.0,10673.0,4168.0,25.863723608445298
CHACO,General Belgrano,42.0,3.0,35.0,147.0,14.0,0.0,0.0,0.0,0.0,0.0,241.0,10335.0,12822.0,4190.0,5.751789976133652
CHACO,General Donovan,10.0,7.0,359.0,789.0,10.0,8.0,0.0,0.0,0.0,0.0,1183.0,11188.0,15515.0,5292.0,22.354497354497354
CHACO,General Güemes,244.0,10.0,1272.0,1577.0,87.0,0.0,0.0,0.0,0.0,0.0,3190.0,46135.0,68341.0,25693.0,12.415833106293544
CHACO,Independencia,42.0,3.0,7.0,204.0,23.0,0.0,0.0,0.0,0.0,450.0,729.0,15272.0,22168.0,7709.0,9.456479439616034
CHACO,Libertad,165.0,10.0,85.0,474.0,170.0,0.0,0.0,0.0,0.0,0.0,904.0,9366.0,13839.0,4392.0,20.58287795992714
CHACO,Libertador General San Martín,159.0,10.0,220.0,834.0,1112.0,2225.0,0.0,2393.0,1358.0,56.0,8367.0,45192.0,65588.0,21622.0,38.69669780778837
CHACO,Maipú,10.0,2.0,34.0,479.0,69.0,0.0,0.0,0.0,0.0,0.0,594.0,16976.0,26486.0,9621.0,6.17399438727783
CHACO,Mayor Luis J. Fontana,677.0,223.0,919.0,3095.0,89.0,169.0,21.0,29.0,7.0,0.0,5229.0,49427.0,61561.0,22809.0,22.925161120610284
CHACO,O'Higgins,520.0,37.0,0.0,147.0,0.0,1.0,0.0,0.0,0.0,0.0,705.0,15627.0,22069.0,7821.0,9.014192558496356
CHACO,Presidencia de la Plaza,25.0,1.0,6.0,531.0,40.0,0.0,0.0,0.0,0.0,0.0,603.0,9642.0,14003.0,5043.0,11.957168352171326
CHACO,Quitilipi,37.0,4.0,135.0,997.0,45.0,27.0,0.0,1.0,0.0,0.0,1246.0,25396.0,32605.0,11410.0,10.920245398773005
CHACO,San Fernando,3469.0,594.0,1308.0,9152.0,971.0,12825.0,1080.0,8601.0,34015.0,20653.0,92668.0,387655.0,423380.0,142415.0,65.06898851946775
CHACO,San Lorenzo,34.0,2.0,0.0,709.0,0.0,0.0,0.0,0.0,0.0,0.0,745.0,11475.0,16235.0,6212.0,11.992916934964585
CHACO,Sargento Cabral,64.0,3.0,0.0,64.0,320.0,0.0,0.0,0.0,0.0,0.0,451.0,12352.0,18788.0,6746.0,6.68544322561518
CHACO,Tapenagá,24.0,1.0,0.0,0.0,0.0,0.0,0.0,0.0,0.0,0.0,25.0,2842.0,4166.0,1604.0,1.5586034912718205
CHUBUT,Biedma,10066.0,193.0,3831.0,7337.0,5313.0,48.0,4043.0,2488.0,5738.0,216.0,39273.0,82619.0,106436.0,40310.0,97.42743736045647
CHUBUT,Cushamen,96.0,316.0,1327.0,1589.0,184.0,17.0,0.0,0.0,8.0,0.0,3537.0,12612.0,28183.0,13113.0,26.973232669869596
CHUBUT,Escalante,691.0,756.0,10979.0,21244.0,15714.0,73.0,1051.0,2180.0,1.0,0.0,52689.0,185611.0,219235.0,80777.0,65.22772571400274
CHUBUT,Florentino Ameghino,1.0,12.0,199.0,0.0,0.0,0.0,0.0,0.0,0.0,0.0,212.0,1314.0,1796.0,809.0,26.20519159456119
CHUBUT,Futaleufú,10.0,77.0,5330.0,3963.0,1402.0,0.0,30.0,10.0,0.0,0.0,10822.0,41169.0,50892.0,20470.0,52.8676111382511
CHUBUT,Gaiman,151.0,29.0,59.0,247.0,407.0,1.0,1.0,143.0,100.0,3.0,1141.0,7854.0,12711.0,5000.0,22.82
CHUBUT,Gastre,0.0,4.0,110.0,0.0,0.0,0.0,0.0,0.0,0.0,0.0,114.0,939.0,1327.0,786.0,14.50381679389313
CHUBUT,Languiñeo,2.0,5.0,39.0,0.0,0.0,0.0,0.0,0.0,0.0,0.0,46.0,2535.0,2955.0,1634.0,2.8151774785801713
CHUBUT,Mártires,0.0,2.0,0.0,0.0,0.0,0.0,0.0,0.0,0.0,0.0,2.0,537.0,757.0,357.0,0.5602240896358543
CHUBUT,Paso de Indios,1.0,3.0,0.0,0.0,0.0,0.0,0.0,1.0,0.0,0.0,5.0,1561.0,1882.0,1132.0,0.441696113074205
CHUBUT,Rawson,3980.0,239.0,20560.0,13150.0,9796.0,119.0,199.0,4335.0,7278.0,63.0,59719.0,129382.0,148019.0,60067.0,99.42064694424559
CHUBUT,Río Senguer,3.0,10.0,40.0,180.0,0.0,0.0,0.0,0.0,0.0,0.0,233.0,5261.0,6538.0,2972.0,7.839838492597577
CHUBUT,Sarmiento,1.0,140.0,2645.0,341.0,0.0,2.0,0.0,0.0,1.0,0.0,3130.0,10963.0,14698.0,5617.0,55.723695923090624
CHUBUT,Tehuelches,1.0,2.0,0.0,0.0,0.0,0.0,0.0,0.0,0.0,0.0,3.0,2667.0,6010.0,3144.0,0.09541984732824427
CHUBUT,Telsen,0.0,2.0,53.0,2.0,4.0,0.0,0.0,3.0,8.0,0.0,72.0,1205.0,1681.0,945.0,7.6190476190476195
CORDOBA,Calamuchita,292.0,522.0,5005.0,8989.0,60.0,1294.0,0.0,178.0,129.0,1.0,16470.0,48762.0,79591.0,46568.0,35.367634427074385
CORDOBA,Capital,13.0,3719.0,10881.0,53979.0,7926.0,19953.0,9904.0,2743.0,225136.0,119851.0,454105.0,1317298.0,1565112.0,621595.0,73.05480256437069
CORDOBA,Colón,46.0,743.0,5033.0,12547.0,1597.0,2422.0,1127.0,601.0,24323.0,12581.0,61020.0,207549.0,303120.0,106479.0,57.30707463443496
CORDOBA,Cruz del Eje,0.0,181.0,1143.0,6780.0,199.0,115.0,0.0,12.0,259.0,144.0,8833.0,51566.0,69214.0,24590.0,35.92110614070761
CORDOBA,General Roca,180.0,1252.0,3404.0,3647.0,258.0,112.0,0.0,0.0,0.0,0.0,8853.0,27990.0,36873.0,16064.0,55.11080677290837
CORDOBA,General San Martín,4459.0,251.0,1649.0,5229.0,677.0,947.0,1199.0,87.0,19425.0,4438.0,38361.0,118238.0,162306.0,68273.0,56.18765837153779
CORDOBA,Ischilín,1.0,23.0,113.0,2150.0,2001.0,129.0,353.0,0.0,31.0,0.0,4801.0,27500.0,36726.0,14460.0,33.201936376210234
CORDOBA,Juárez Celman,84.0,102.0,1119.0,6025.0,2860.0,644.0,0.0,835.0,29.0,86.0,11784.0,56078.0,75307.0,28055.0,42.00320798431652
CORDOBA,Marcos Juárez,599.0,84.0,7806.0,8692.0,5030.0,156.0,2882.0,24.0,6038.0,1268.0,32579.0,98442.0,113635.0,49896.0,65.29381112714447
CORDOBA,Minas,0.0,0.0,7.0,694.0,29.0,0.0,0.0,0.0,0.0,0.0,730.0,2209.0,4892.0,2513.0,29.048945483485873
CORDOBA,Pocho,0.0,1.0,3.0,680.0,41.0,0.0,0.0,0.0,0.0,0.0,725.0,2465.0,5420.0,2835.0,25.573192239858905
CORDOBA,Presidente Roque Sáenz Peña,230.0,39.0,1407.0,4573.0,387.0,199.0,254.0,31.0,3276.0,1234.0,11630.0,32590.0,39221.0,16528.0,70.36544046466602
CORDOBA,Punilla,573.0,464.0,3521.0,12278.0,1225.0,803.0,1024.0,86.0,16510.0,11301.0,47785.0,174172.0,226947.0,108726.0,43.94992917977301
CORDOBA,Río Cuarto,2707.0,267.0,4324.0,17563.0,2044.0,2737.0,2309.0,188.0,25517.0,20235.0,77891.0,230287.0,292293.0,127506.0,61.08810565777297
CORDOBA,Río Primero,17.0,443.0,1599.0,4158.0,95.0,12.0,636.0,1.0,5.0,0.0,6966.0,32954.0,59898.0,22297.0,31.24187110373593
CORDOBA,Río Seco,0.0,603.0,746.0,49.0,0.0,0.0,0.0,0.0,0.0,0.0,1398.0,8029.0,15778.0,6607.0,21.1593764189496
CORDOBA,Río Segundo,1496.0,429.0,11797.0,6315.0,5641.0,54.0,614.0,1080.0,518.0,32.0,27976.0,96139.0,117618.0,45763.0,61.132355833315124
CORDOBA,San Alberto,3.0,558.0,632.0,2449.0,434.0,85.0,47.0,9.0,0.0,0.0,4217.0,27570.0,44116.0,20370.0,20.70201276386843
CORDOBA,San Javier,110.0,1909.0,2178.0,3085.0,1090.0,40.0,246.0,1.0,343.0,1351.0,10353.0,43931.0,64462.0,28923.0,35.79504200809045
CORDOBA,San Justo,1759.0,801.0,8384.0,24800.0,3478.0,350.0,2763.0,85.0,11350.0,10625.0,64395.0,181202.0,234466.0,97856.0,65.80587802485284
CORDOBA,Santa María,0.0,98.0,3390.0,5765.0,882.0,1953.0,284.0,57.0,2961.0,5072.0,20462.0,79028.0,147357.0,59980.0,34.11470490163388
CORDOBA,Sobremonte,0.0,1.0,0.0,1.0,0.0,2.0,0.0,0.0,0.0,0.0,4.0,2538.0,4648.0,2015.0,0.19851116625310172
CORDOBA,Tercero Arriba,271.0,60.0,2687.0,13040.0,1745.0,212.0,1501.0,139.0,6098.0,11716.0,37469.0,103022.0,124592.0,51253.0,73.10596452890562
CORDOBA,Totoral,8.0,154.0,931.0,463.0,38.0,15.0,355.0,9.0,582.0,155.0,2710.0,12406.0,22680.0,9095.0,29.796591533809785
CORDOBA,Tulumba,0.0,128.0,368.0,131.0,0.0,1.0,0.0,0.0,0.0,0.0,628.0,7545.0,14340.0,7095.0,8.851303735024665
CORDOBA,Unión,256.0,49.0,3732.0,5719.0,3182.0,812.0,3189.0,174.0,6293.0,1446.0,24852.0,96451.0,118372.0,48562.0,51.17581648202298
CORRIENTES,Bella Vista,300.0,14.0,1104.0,1362.0,65.0,29.0,0.0,2.0,0.0,0.0,2876.0,29071.0,44913.0,14404.0,19.966675923354625
CORRIENTES,Berón de Astrada,0.0,1.0,0.0,0.0,0.0,0.0,0.0,0.0,0.0,0.0,1.0,1411.0,2824.0,1404.0,0.07122507122507123
CORRIENTES,Capital,51.0,1140.0,4127.0,9568.0,424.0,17326.0,1203.0,8169.0,19507.0,18894.0,80409.0,352485.0,432192.0,142025.0,56.61608871677522
CORRIENTES,Concepción,2.0,2.0,0.0,0.0,65.0,0.0,0.0,0.0,0.0,0.0,69.0,13583.0,25823.0,7995.0,0.8630393996247656
CORRIENTES,Curuzú Cuatiá,3033.0,96.0,1791.0,3565.0,74.0,493.0,0.0,85.0,33.0,2.0,9172.0,37969.0,51616.0,18054.0,50.803146117203944
CORRIENTES,Empedrado,0.0,10.0,423.0,646.0,88.0,0.0,0.0,0.0,0.0,0.0,1167.0,9965.0,18017.0,6473.0,18.028734744322573
CORRIENTES,Esquina,1500.0,9.0,15.0,1016.0,55.0,8.0,0.0,0.0,0.0,0.0,2603.0,20013.0,37040.0,12896.0,20.18455334987593
CORRIENTES,General Alvear,1.0,8.0,14.0,460.0,49.0,0.0,0.0,0.0,0.0,0.0,532.0,6848.0,9130.0,3405.0,15.624082232011746
CORRIENTES,General Paz,0.0,8.0,99.0,159.0,43.0,0.0,0.0,0.0,0.0,0.0,309.0,9404.0,16730.0,6352.0,4.864609571788414
CORRIENTES,Goya,0.0,123.0,2190.0,4842.0,66.0,6869.0,20.0,932.0,745.0,1322.0,17109.0,72026.0,106458.0,35555.0,48.11981437209956
CORRIENTES,Itatí,0.0,4.0,29.0,380.0,62.0,0.0,0.0,0.0,0.0,0.0,475.0,7118.0,12068.0,3811.0,12.463920230910523
CORRIENTES,Ituzaingó,1.0,210.0,378.0,1342.0,92.0,10.0,0.0,0.0,0.0,0.0,2033.0,23280.0,38787.0,14753.0,13.780248085135227
CORRIENTES,Lavalle,1.0,527.0,341.0,45.0,0.0,0.0,0.0,0.0,0.0,0.0,914.0,16410.0,38664.0,11693.0,7.8166424356452575
CORRIENTES,Mburucuyá,0.0,2.0,49.0,0.0,0.0,0.0,0.0,0.0,0.0,0.0,51.0,6972.0,11767.0,4258.0,1.1977454203851572
CORRIENTES,Mercedes,668.0,80.0,1087.0,2146.0,179.0,115.0,0.0,3.0,0.0,0.0,4278.0,34986.0,49200.0,16921.0,25.282193723775194
CORRIENTES,Monte Caseros,0.0,1106.0,660.0,2779.0,62.0,75.0,39.0,1.0,10.0,2.0,4734.0,32276.0,44878.0,15530.0,30.48293625241468
CORRIENTES,Paso de los Libres,4.0,379.0,1017.0,3241.0,145.0,123.0,0.0,9.0,1.0,0.0,4919.0,44608.0,57121.0,19173.0,25.655870234183485
CORRIENTES,Saladas,50.0,23.0,43.0,774.0,45.0,43.0,0.0,1.0,0.0,0.0,979.0,15433.0,27752.0,8693.0,11.261934890141493
CORRIENTES,San Cosme,0.0,3.0,456.0,107.0,20.0,0.0,0.0,0.0,0.0,0.0,586.0,10067.0,19350.0,10815.0,5.4184003698566805
CORRIENTES,San Luis del Palmar,0.0,1.0,0.0,0.0,0.0,0.0,0.0,0.0,0.0,0.0,1.0,12287.0,21039.0,6801.0,0.014703720041170416
CORRIENTES,San Martín,0.0,6.0,4.0,278.0,44.0,0.0,0.0,0.0,0.0,0.0,332.0,7133.0,15192.0,5695.0,5.829675153643547
CORRIENTES,San Miguel,1.0,1.0,133.0,0.0,21.0,0.0,0.0,0.0,0.0,0.0,156.0,6730.0,12476.0,4130.0,3.777239709443099
CORRIENTES,San Roque,0.0,5.0,0.0,0.0,0.0,0.0,0.0,0.0,0.0,0.0,5.0,11414.0,22309.0,7130.0,0.07012622720897616
CORRIENTES,Santo Tomé,1346.0,36.0,112.0,3246.0,284.0,103.0,0.0,2.0,1.0,0.0,5130.0,55629.0,71796.0,25509.0,20.110549217923086
CORRIENTES,Sauce,1.0,302.0,200.0,0.0,0.0,0.0,0.0,0.0,0.0,0.0,503.0,7014.0,10411.0,3560.0,14.129213483146067
ENTRE RIOS,Colón,3518.0,102.0,1093.0,4509.0,183.0,249.0,181.0,23.0,489.0,664.0,11011.0,44545.0,75091.0,32003.0,34.40614942349155
ENTRE RIOS,Concordia,3.0,387.0,1358.0,10599.0,308.0,111.0,21.0,7.0,364.0,1241.0,14399.0,161078.0,199634.0,70273.0,20.49008865424843
ENTRE RIOS,Diamante,1.0,83.0,1537.0,3640.0,1565.0,181.0,0.0,1856.0,184.0,2.0,9049.0,39618.0,54121.0,23527.0,38.462192374718406
ENTRE RIOS,Federación,52.0,43.0,192.0,5077.0,255.0,6265.0,0.0,2686.0,28.0,0.0,14598.0,59037.0,79449.0,28242.0,51.68897386870618
ENTRE RIOS,Federal,1100.0,8.0,620.0,826.0,4.0,399.0,0.0,0.0,0.0,0.0,2957.0,20974.0,29569.0,11324.0,26.112681031437656
ENTRE RIOS,Feliciano,0.0,2.0,479.0,253.0,0.0,1.0,0.0,1.0,0.0,0.0,736.0,10607.0,16597.0,6026.0,12.213740458015266
ENTRE RIOS,Gualeguay,752.0,488.0,1697.0,4784.0,276.0,89.0,59.0,9.0,1082.0,635.0,9871.0,45248.0,57865.0,23151.0,42.63746706405771
ENTRE RIOS,Gualeguaychú,1.0,2125.0,2653.0,7883.0,977.0,402.0,503.0,25.0,7229.0,5569.0,27367.0,100578.0,126765.0,53062.0,51.57551543477441
ENTRE RIOS,Islas del Ibicuy,0.0,453.0,268.0,22.0,0.0,0.0,0.0,0.0,0.0,0.0,743.0,8764.0,14075.0,5952.0,12.483198924731182
ENTRE RIOS,La Paz,0.0,68.0,4431.0,4539.0,399.0,193.0,16.0,2.0,0.0,0.0,9648.0,56440.0,74872.0,26569.0,36.31299634912868
ENTRE RIOS,Nogoyá,0.0,562.0,1560.0,2664.0,116.0,157.0,0.0,265.0,13.0,1.0,5338.0,30742.0,42371.0,17236.0,30.97006265954978
ENTRE RIOS,Paraná,4.0,1083.0,5475.0,10531.0,3050.0,24353.0,2902.0,12582.0,26011.0,20831.0,106822.0,325105.0,391962.0,154553.0,69.11674312371807
ENTRE RIOS,San Salvador,1.0,4.0,570.0,1174.0,73.0,1.0,0.0,1.0,0.0,0.0,1824.0,15727.0,20816.0,7999.0,22.802850356294538
ENTRE RIOS,Tala,1563.0,24.0,103.0,1365.0,133.0,0.0,0.0,0.0,0.0,0.0,3188.0,21703.0,30840.0,13386.0,23.81592708800239
ENTRE RIOS,Uruguay,2776.0,130.0,1141.0,11457.0,416.0,959.0,348.0,68.0,5980.0,4406.0,27681.0,93109.0,116430.0,48703.0,56.83633451738086
ENTRE RIOS,Victoria,0.0,161.0,251.0,3414.0,157.0,881.0,0.0,41.0,1.0,2.0,4908.0,30762.0,40777.0,17489.0,28.063354108296647
ENTRE RIOS,Villaguay,1.0,129.0,561.0,2969.0,126.0,15.0,0.0,0.0,2866.0,0.0,6667.0,38914.0,55192.0,21062.0,31.654163897065807
FORMOSA,Bermejo,5.0,17.0,159.0,6.0,0.0,0.0,0.0,0.0,0.0,0.0,187.0,7654.0,15385.0,5787.0,3.231380680836357
FORMOSA,Formosa,150.0,385.0,8092.0,7661.0,502.0,4349.0,396.0,265.0,7272.0,6828.0,35900.0,230124.0,271112.0,94135.0,38.13671854251872
FORMOSA,Laishi,0.0,5.0,775.0,36.0,2.0,0.0,0.0,0.0,0.0,0.0,818.0,12810.0,19363.0,7746.0,10.560289181513038
FORMOSA,Matacos,0.0,1.0,237.0,212.0,12.0,1.0,0.0,0.0,0.0,0.0,463.0,12798.0,16994.0,5952.0,7.778897849462366
FORMOSA,Patiño,2.0,12.0,3764.0,1150.0,109.0,16.0,0.0,0.0,9.0,0.0,5062.0,54048.0,80718.0,29902.0,16.928633536218314
FORMOSA,Pilagás,3.0,0.0,772.0,16.0,0.0,202.0,0.0,0.0,0.0,0.0,993.0,9050.0,18875.0,7170.0,13.849372384937238
FORMOSA,Pilcomayo,315.0,38.0,2358.0,1766.0,0.0,1034.0,0.0,59.0,0.0,0.0,5570.0,69495.0,93774.0,30767.0,18.103812526408163
FORMOSA,Pirané,103.0,56.0,2027.0,1982.0,278.0,108.0,0.0,0.0,0.0,0.0,4554.0,50111.0,72053.0,27087.0,16.81249307786023
FORMOSA,Ramón Lista,0.0,31.0,45.0,0.0,0.0,0.0,0.0,0.0,0.0,1.0,77.0,5688.0,17767.0,4627.0,1.6641452344931922
JUJUY,Cochinoca,0.0,3.0,226.0,0.0,0.0,0.0,0.0,0.0,0.0,0.0,229.0,8960.0,14599.0,6638.0,3.4498342874359746
JUJUY,Dr. Manuel Belgrano,9.0,448.0,1570.0,7211.0,23006.0,12571.0,343.0,94.0,26583.0,6746.0,78581.0,262541.0,315491.0,107001.0,73.43950056541527
JUJUY,El Carmen,11.0,9.0,3462.0,962.0,34.0,4.0,0.0,0.0,0.0,0.0,4482.0,77809.0,119076.0,37853.0,11.840541040340263
JUJUY,Humahuaca,0.0,3.0,22.0,972.0,1.0,78.0,0.0,0.0,0.0,0.0,1076.0,13860.0,19520.0,9625.0,11.17922077922078
JUJUY,Ledesma,539.0,539.0,3976.0,4362.0,84.0,150.0,0.0,50.0,0.0,0.0,9700.0,78638.0,93007.0,30505.0,31.798065890837567
JUJUY,Palpalá,9.0,3.0,4352.0,545.0,9.0,809.0,10.0,0.0,1254.0,0.0,6991.0,50747.0,65531.0,21168.0,33.026266061980344
JUJUY,Rinconada,2.0,1.0,7.0,1.0,0.0,15.0,0.0,0.0,0.0,0.0,26.0,1632.0,1765.0,964.0,2.6970954356846475
JUJUY,Santa Bárbara,0.0,38.0,175.0,168.0,9.0,8.0,0.0,0.0,0.0,0.0,398.0,14780.0,20465.0,7028.0,5.663062037564029
JUJUY,San Antonio,0.0,1.0,85.0,5.0,0.0,0.0,0.0,0.0,0.0,0.0,91.0,2536.0,6641.0,2815.0,3.232682060390764
JUJUY,San Pedro,0.0,419.0,3094.0,4691.0,602.0,403.0,5.0,46.0,1.0,0.0,9261.0,66293.0,87758.0,29884.0,30.98982733235176
JUJUY,Santa Catalina,0.0,0.0,5.0,0.0,0.0,35.0,0.0,0.0,0.0,0.0,40.0,1484.0,2213.0,1444.0,2.7700831024930745
JUJUY,Susques,14.0,5.0,13.0,547.0,0.0,25.0,1.0,26.0,0.0,0.0,631.0,3263.0,3980.0,1621.0,38.92658852560148
JUJUY,Tilcara,0.0,4.0,10.0,1028.0,0.0,0.0,0.0,0.0,0.0,0.0,1042.0,8956.0,14841.0,6671.0,15.619847099385401
JUJUY,Tumbaya,0.0,1.0,0.0,625.0,4.0,1.0,0.0,0.0,0.0,0.0,631.0,2733.0,5393.0,2221.0,28.410625844214316
JUJUY,Valle Grande,0.0,2.0,0.0,0.0,0.0,0.0,0.0,0.0,0.0,0.0,2.0,416.0,2406.0,1694.0,0.11806375442739078
JUJUY,Yavi,0.0,343.0,25.0,323.0,0.0,75.0,0.0,1.0,0.0,0.0,767.0,17686.0,25269.0,9416.0,8.14570943075616
LA PAMPA,Atreucó,114.0,550.0,570.0,141.0,0.0,0.0,0.0,0.0,0.0,0.0,1375.0,9419.0,11319.0,5445.0,25.252525252525253
LA PAMPA,Caleu Caleu,2.0,1.0,13.0,583.0,0.0,0.0,0.0,0.0,0.0,0.0,599.0,1904.0,2625.0,1277.0,46.90681284259984
LA PAMPA,Capital,76.0,205.0,1651.0,24922.0,2655.0,4145.0,121.0,4150.0,10574.0,1117.0,49616.0,104565.0,120473.0,53219.0,93.22986151562412
LA PAMPA,Catriló,524.0,3.0,737.0,533.0,56.0,90.0,0.0,115.0,110.0,11.0,2179.0,6645.0,8287.0,3771.0,57.78308141076638
LA PAMPA,Chalileo,1.0,1.0,159.0,702.0,0.0,0.0,0.0,0.0,0.0,0.0,863.0,2526.0,2911.0,1366.0,63.17715959004392
LA PAMPA,Chapaleufú,73.0,170.0,1832.0,338.0,52.0,20.0,0.0,1.0,0.0,0.0,2486.0,10900.0,12500.0,5570.0,44.63195691202873
LA PAMPA,Chical Co,0.0,1.0,126.0,26.0,0.0,0.0,0.0,0.0,0.0,0.0,153.0,657.0,1491.0,794.0,19.269521410579348
LA PAMPA,Conhelo,1270.0,457.0,1700.0,784.0,71.0,0.0,0.0,0.0,0.0,0.0,4282.0,12919.0,15390.0,7318.0,58.51325498770156
LA PAMPA,Curacó,0.0,2.0,69.0,82.0,0.0,0.0,0.0,0.0,0.0,0.0,153.0,833.0,1165.0,646.0,23.684210526315788
LA PAMPA,Guatraché,286.0,3.0,239.0,35.0,1.0,3.0,0.0,0.0,0.0,0.0,567.0,6896.0,9834.0,4880.0,11.618852459016393
LA PAMPA,Hucal,20.0,3.0,2063.0,177.0,1.0,2.0,0.0,0.0,0.0,0.0,2266.0,6899.0,7914.0,4342.0,52.18793182865039
LA PAMPA,Lihuel Calel,2.0,0.0,0.0,0.0,0.0,0.0,0.0,0.0,0.0,0.0,2.0,208.0,437.0,449.0,0.4454342984409799
LA PAMPA,Limay Mahuida,1.0,1.0,67.0,14.0,0.0,0.0,0.0,0.0,0.0,0.0,83.0,296.0,420.0,294.0,28.2312925170068
LA PAMPA,Loventué,5.0,4.0,283.0,514.0,0.0,0.0,0.0,0.0,0.0,0.0,806.0,8044.0,9400.0,4596.0,17.53698868581375
LA PAMPA,Maracó,7.0,50.0,1513.0,13046.0,3310.0,1.0,0.0,288.0,798.0,391.0,19404.0,57823.0,70156.0,30214.0,64.22188389488316
LA PAMPA,Puelén,21.0,1.0,1932.0,203.0,0.0,0.0,0.0,0.0,0.0,0.0,2157.0,8235.0,12035.0,4629.0,46.59753726506805
LA PAMPA,Quemú Quemú,247.0,3.0,484.0,699.0,9.0,0.0,0.0,0.0,0.0,0.0,1442.0,7987.0,8566.0,3993.0,36.113198096669166
LA PAMPA,Rancul,9.0,397.0,1368.0,369.0,0.0,5.0,0.0,0.0,0.0,0.0,2148.0,8926.0,11161.0,5319.0,40.38353073886069
LA PAMPA,Realicó,35.0,583.0,3511.0,1825.0,156.0,0.0,0.0,3.0,0.0,0.0,6113.0,15514.0,17700.0,7862.0,77.75375222589672
LA PAMPA,Toay,2.0,4.0,125.0,2818.0,477.0,619.0,0.0,536.0,1237.0,109.0,5927.0,11626.0,18387.0,7259.0,81.6503650640584
LA PAMPA,Trenel,2.0,39.0,1211.0,6.0,78.0,0.0,0.0,0.0,0.0,0.0,1336.0,4896.0,5788.0,2871.0,46.53430860327412
LA PAMPA,Utracán,20.0,46.0,465.0,4745.0,150.0,143.0,0.0,42.0,0.0,0.0,5611.0,13897.0,18063.0,8128.0,69.03297244094489
LA RIOJA,Arauco,0.0,4.0,16.0,176.0,1616.0,146.0,0.0,485.0,5.0,0.0,2448.0,13746.0,16625.0,6694.0,36.57006274275471
LA RIOJA,Capital,0.0,527.0,700.0,4410.0,856.0,3117.0,1123.0,346.0,35211.0,8456.0,54746.0,178872.0,212225.0,78845.0,69.43496734098548
LA RIOJA,Castro Barros,0.0,1.0,0.0,20.0,864.0,80.0,0.0,8.0,3.0,0.0,976.0,4115.0,4841.0,2914.0,33.493479752916954
LA RIOJA,Chamical,0.0,9.0,34.0,211.0,2113.0,239.0,0.0,651.0,5.0,0.0,3262.0,12919.0,15762.0,6484.0,50.30845157310302
LA RIOJA,Chilecito,0.0,236.0,114.0,2161.0,3309.0,1781.0,7.0,1392.0,193.0,1534.0,10727.0,48208.0,60175.0,21212.0,50.57043183103903
LA RIOJA,General Felipe Varela,0.0,2.0,0.0,12.0,1609.0,292.0,0.0,171.0,3.0,0.0,2089.0,9048.0,11406.0,4732.0,44.146238377007606
LA RIOJA,Famatina,0.0,0.0,0.0,1.0,353.0,238.0,0.0,0.0,0.0,0.0,592.0,4945.0,6961.0,3322.0,17.82059000602047
LA RIOJA,Ángel Vicente Peñaloza,0.0,0.0,0.0,9.0,180.0,67.0,0.0,0.0,0.0,0.0,256.0,1696.0,3175.0,1281.0,19.984387197501952
LA RIOJA,General Belgrano,0.0,3.0,0.0,8.0,831.0,130.0,0.0,221.0,3.0,0.0,1196.0,6181.0,7649.0,3443.0,34.73714783618937
LA RIOJA,General Juan Facundo Quiroga,0.0,1.0,0.0,3.0,329.0,345.0,0.0,0.0,0.0,0.0,678.0,2860.0,3828.0,1731.0,39.168110918544194
LA RIOJA,General Lamadrid,0.0,0.0,0.0,0.0,141.0,126.0,0.0,0.0,0.0,0.0,267.0,1697.0,1876.0,840.0,31.785714285714285
LA RIOJA,General Ortiz de Ocampo,0.0,2.0,0.0,0.0,937.0,4.0,0.0,209.0,5.0,0.0,1157.0,5403.0,7360.0,3083.0,37.528381446642875
LA RIOJA,General San Martín,0.0,0.0,0.0,10.0,681.0,0.0,0.0,8.0,3.0,0.0,702.0,3205.0,5028.0,2060.0,34.077669902912625
LA RIOJA,Independencia,0.0,5.0,4.0,25.0,102.0,183.0,0.0,0.0,0.0,0.0,319.0,1956.0,2405.0,972.0,32.818930041152264
LA RIOJA,Rosario Vera Peñaloza,0.0,3.0,256.0,91.0,1323.0,287.0,0.0,865.0,4.0,0.0,2829.0,11772.0,15441.0,7168.0,39.467075892857146
LA RIOJA,San Blas de los Sauces,0.0,1.0,0.0,0.0,311.0,249.0,0.0,0.0,0.0,0.0,561.0,3918.0,4317.0,2097.0,26.75250357653791
LA RIOJA,Sanagasta,0.0,2.0,4.0,0.0,92.0,255.0,0.0,161.0,48.0,0.0,562.0,2275.0,2847.0,2066.0,27.202323330106488
LA RIOJA,Vinchina,0.0,0.0,0.0,3.0,279.0,159.0,0.0,0.0,0.0,0.0,441.0,2401.0,2686.0,1238.0,35.62197092084006
MENDOZA,Capital,9.0,205.0,2542.0,10899.0,45948.0,3653.0,14028.0,14046.0,10979.0,2361.0,104670.0,114893.0,122840.0,60726.0,172.36439087046736
MENDOZA,General Alvear,1.0,65.0,3249.0,2657.0,4145.0,457.0,2.0,344.0,100.0,26.0,11046.0,35789.0,50209.0,20206.0,54.66693061466891
MENDOZA,Godoy Cruz,5.0,139.0,2474.0,3045.0,2680.0,291.0,0.0,5736.0,11609.0,6717.0,32696.0,191299.0,195183.0,72206.0,45.28155554940032
MENDOZA,Guaymallén,151.0,461.0,3293.0,5724.0,2780.0,879.0,0.0,1687.0,16588.0,4470.0,36033.0,454422.0,321371.0,108219.0,33.29637124719319
MENDOZA,Junín,177.0,639.0,2246.0,2088.0,2203.0,0.0,0.0,1059.0,337.0,0.0,8749.0,23355.0,45673.0,14612.0,59.87544483985765
MENDOZA,La Paz,0.0,0.0,70.0,159.0,170.0,1.0,0.0,1.0,0.0,0.0,401.0,7872.0,12020.0,4422.0,9.068294889190412
MENDOZA,Las Heras,6.0,136.0,2519.0,3353.0,658.0,162.0,1.0,10070.0,6.0,2.0,16913.0,193558.0,228525.0,73531.0,23.001183174443433
MENDOZA,Lavalle,0.0,62.0,372.0,315.0,180.0,1.0,0.0,1.0,0.0,0.0,931.0,13031.0,47529.0,14687.0,6.338939197930142
MENDOZA,Luján de Cuyo,2399.0,165.0,2198.0,4714.0,3845.0,951.0,11.0,467.0,200.0,37.0,14987.0,101368.0,172109.0,59646.0,25.12658015625524
MENDOZA,Maipú,510.0,126.0,1580.0,3190.0,1753.0,241.0,0.0,10050.0,72.0,12.0,17534.0,132910.0,214412.0,67777.0,25.870132935951723
MENDOZA,Malargüe,3.0,3.0,18.0,1585.0,1.0,37.0,2.0,10.0,0.0,1.0,1660.0,22071.0,33107.0,12406.0,13.380622279542157
MENDOZA,Rivadavia,1.0,52.0,2161.0,2902.0,206.0,12.0,0.0,25.0,0.0,0.0,5359.0,40230.0,63473.0,20932.0,25.601949168736866
MENDOZA,San Carlos,0.0,1.0,179.0,621.0,148.0,694.0,0.0,0.0,0.0,0.0,1643.0,19772.0,40024.0,13572.0,12.105806071323313
MENDOZA,San Martín,1.0,822.0,683.0,356.0,595.0,0.0,0.0,2001.0,644.0,0.0,5102.0,86983.0,138429.0,44574.0,11.446134517880378
MENDOZA,San Rafael,3.0,172.0,2967.0,5509.0,786.0,81.0,1.0,41.0,928.0,355.0,10843.0,138475.0,210478.0,83352.0,13.008686054323832
MENDOZA,Santa Rosa,0.0,401.0,359.0,79.0,0.0,0.0,2.0,0.0,2.0,1.0,844.0,8577.0,19410.0,6492.0,13.000616142945162
MENDOZA,Tunuyán,1.0,13.0,676.0,1557.0,199.0,108.0,0.0,13.0,0.0,0.0,2567.0,36585.0,58780.0,19597.0,13.098943715874878
MENDOZA,Tupungato,20.0,4.0,389.0,905.0,303.0,10.0,0.0,0.0,4.0,0.0,1635.0,16916.0,40961.0,13141.0,12.441975496537554
MISIONES,25 de Mayo,758.0,4.0,0.0,117.0,0.0,0.0,0.0,0.0,0.0,0.0,879.0,7202.0,30483.0,12295.0,7.149247661651077
MISIONES,Apóstoles,0.0,696.0,3809.0,1790.0,118.0,20.0,3.0,5.0,0.0,0.0,6441.0,32586.0,51169.0,18617.0,34.597410968469674
MISIONES,Cainguás,18.0,480.0,2024.0,204.0,0.0,6.0,0.0,9.0,0.0,0.0,2741.0,30056.0,59569.0,21640.0,12.666358595194085
MISIONES,Candelaria,0.0,6.0,49.0,1093.0,84.0,22.0,0.0,0.0,1925.0,535.0,3714.0,21519.0,35710.0,13099.0,28.353309412932287
MISIONES,Capital,57.0,430.0,1016.0,7822.0,1008.0,16364.0,1303.0,11899.0,23516.0,22409.0,85824.0,289583.0,393612.0,144555.0,59.37117360174328
MISIONES,Concepción,0.0,119.0,506.0,2.0,0.0,0.0,0.0,1.0,0.0,0.0,628.0,6611.0,10139.0,3774.0,16.64016958134605
MISIONES,Eldorado,7.0,259.0,722.0,5174.0,172.0,1567.0,0.0,20.0,1.0,0.0,7922.0,59126.0,91824.0,31943.0,24.80042575838212
MISIONES,General Manuel Belgrano,375.0,0.0,0.0,0.0,0.0,0.0,0.0,1.0,0.0,0.0,376.0,8448.0,46724.0,16476.0,2.2821073075989315
MISIONES,Guaraní,540.0,1.0,0.0,1699.0,0.0,0.0,0.0,1228.0,1037.0,0.0,4505.0,26604.0,77150.0,28262.0,15.940131625504211
MISIONES,Iguazú,0.0,1063.0,1414.0,3047.0,178.0,2543.0,26.0,1130.0,456.0,1560.0,11417.0,75932.0,99013.0,35160.0,32.471558589306035
MISIONES,Leandro N. Alem,163.0,32.0,3922.0,1194.0,119.0,8.0,0.0,6.0,0.0,0.0,5444.0,29759.0,50322.0,18926.0,28.764662369227516
MISIONES,Libertador General San Martín,0.0,664.0,1604.0,4790.0,120.0,283.0,0.0,0.0,0.0,0.0,7461.0,32121.0,52503.0,19552.0,38.159779050736496
MISIONES,Montecarlo,520.0,81.0,1546.0,1393.0,52.0,8.0,0.0,2.0,0.0,0.0,3602.0,28507.0,38317.0,14106.0,25.535233234084785
MISIONES,Oberá,135.0,55.0,1372.0,3286.0,66.0,3465.0,0.0,47.0,267.0,17.0,8710.0,81115.0,121990.0,44549.0,19.551505084289207
MISIONES,San Ignacio,0.0,20.0,1670.0,2834.0,634.0,0.0,0.0,191.0,68.0,0.0,5417.0,42638.0,63990.0,23307.0,23.24194448019908
MISIONES,San Javier,135.0,3.0,1797.0,0.0,0.0,0.0,0.0,0.0,0.0,0.0,1935.0,10906.0,23357.0,8710.0,22.215843857634905
MISIONES,San Pedro,23.0,11.0,1825.0,195.0,11.0,7.0,0.0,2.0,1.0,0.0,2075.0,12237.0,35088.0,12531.0,16.558933844066715
NEUQUEN,Aluminé,3.0,7.0,1310.0,357.0,104.0,0.0,0.0,0.0,0.0,0.0,1781.0,5561.0,10529.0,5084.0,35.03147128245476
NEUQUEN,Añelo,1149.0,227.0,235.0,174.0,23.0,33.0,59.0,381.0,460.0,234.0,2975.0,8923.0,17893.0,7729.0,38.49139604088498
NEUQUEN,Catán Lil,0.0,1.0,34.0,18.0,9.0,0.0,0.0,0.0,0.0,0.0,62.0,873.0,2588.0,1085.0,5.714285714285714
NEUQUEN,Chos Malal,381.0,17.0,392.0,270.0,241.0,0.0,0.0,1.0,0.0,0.0,1302.0,13625.0,18553.0,7038.0,18.499573742540495
NEUQUEN,Collón Curá,2.0,2.0,0.0,0.0,0.0,0.0,1.0,0.0,0.0,0.0,5.0,3888.0,4781.0,2002.0,0.24975024975024976
NEUQUEN,Confluencia,6335.0,670.0,14496.0,14345.0,2838.0,1120.0,2093.0,11410.0,32289.0,21662.0,107258.0,356408.0,481462.0,175917.0,60.97079872894604
NEUQUEN,Huiliches,1.0,17.0,2008.0,1420.0,288.0,931.0,0.0,0.0,87.0,11.0,4763.0,12621.0,20081.0,7593.0,62.72882918477545
NEUQUEN,Loncopué,3.0,24.0,1166.0,82.0,0.0,4.0,0.0,0.0,0.0,0.0,1279.0,5280.0,7763.0,2859.0,44.7359216509269
NEUQUEN,Los Lagos,2.0,26.0,429.0,1019.0,385.0,0.0,3.0,1.0,0.0,0.0,1865.0,11419.0,15552.0,6558.0,28.4385483379079
NEUQUEN,Lácar,4.0,3.0,7242.0,2676.0,318.0,3032.0,0.0,0.0,570.0,135.0,13980.0,28061.0,39870.0,16534.0,84.55304221603967
NEUQUEN,Minas,0.0,58.0,43.0,334.0,0.0,0.0,0.0,0.0,0.0,0.0,435.0,5121.0,9299.0,4344.0,10.013812154696131
NEUQUEN,Pehuenches,1.0,9.0,984.0,334.0,458.0,5.0,0.0,0.0,1.0,0.0,1792.0,22072.0,33545.0,12099.0,14.811141416646004
NEUQUEN,Picunches,2.0,1.0,0.0,0.0,0.0,0.0,0.0,0.0,0.0,0.0,3.0,5711.0,8552.0,3417.0,0.08779631255487269
NEUQUEN,Picún Leufú,0.0,1.0,1.0,0.0,0.0,0.0,0.0,0.0,0.0,0.0,2.0,3144.0,5102.0,2635.0,0.07590132827324478
NEUQUEN,Zapala,0.0,132.0,2328.0,3453.0,781.0,586.0,0.0,3.0,90.0,4.0,7377.0,34986.0,45320.0,16380.0,45.03663003663004
NEUQUEN,Ñorquín,2.0,65.0,242.0,87.0,7.0,0.0,0.0,0.0,0.0,0.0,403.0,3291.0,5700.0,2803.0,14.377452729218696
RIO NEGRO,25 de Mayo,2.0,7.0,164.0,784.0,135.0,490.0,1.0,0.0,0.0,30.0,1613.0,14480.0,15847.0,6901.0,23.373424141428778
RIO NEGRO,9 de Julio,0.0,92.0,156.0,0.0,0.0,0.0,0.0,0.0,0.0,0.0,248.0,3080.0,3654.0,2367.0,10.477397549640896
RIO NEGRO,Adolfo Alsina,1.0,91.0,2327.0,945.0,897.0,1.0,0.0,10697.0,0.0,0.0,14959.0,54921.0,65273.0,25470.0,58.73184138201806
RIO NEGRO,Avellaneda,4.0,22.0,145.0,4879.0,353.0,830.0,13.0,0.0,57.0,23.0,6326.0,31109.0,41847.0,16575.0,38.165912518853695
RIO NEGRO,Bariloche,14761.0,617.0,9470.0,11831.0,12453.0,1164.0,1.0,1826.0,260.0,34.0,52417.0,128507.0,164065.0,68063.0,77.01247373756667
RIO NEGRO,Conesa,0.0,2.0,28.0,5.0,78.0,1028.0,0.0,1.0,8.0,0.0,1150.0,5484.0,7414.0,3048.0,37.729658792650916
RIO NEGRO,El Cuy,3.0,4.0,49.0,160.0,216.0,0.0,0.0,0.0,20.0,0.0,452.0,3997.0,6698.0,3109.0,14.538436796397555
RIO NEGRO,General Roca,7774.0,329.0,8911.0,6506.0,4148.0,930.0,1417.0,727.0,19765.0,13207.0,63714.0,285285.0,388129.0,138872.0,45.87965896653033
RIO NEGRO,Pichi Mahuida,1.0,25.0,1483.0,2057.0,448.0,0.0,0.0,2.0,0.0,0.0,4016.0,12861.0,17012.0,7330.0,54.78854024556617
RIO NEGRO,Pilcaniyeu,103.0,5.0,371.0,121.0,215.0,0.0,0.0,1.0,3.0,6.0,825.0,6044.0,9567.0,3943.0,20.923154958153688
RIO NEGRO,San Antonio,2.0,265.0,908.0,2975.0,421.0,2248.0,1746.0,1.0,14.0,10.0,8590.0,29063.0,36588.0,18110.0,47.432357813362785
RIO NEGRO,Valcheta,1.0,39.0,140.0,0.0,0.0,871.0,4.0,0.0,0.0,0.0,1055.0,4326.0,4493.0,1799.0,58.64369093941079
RIO NEGRO,Ñorquinco,0.0,1.0,9.0,0.0,0.0,0.0,0.0,0.0,0.0,0.0,10.0,1090.0,1480.0,825.0,1.2121212121212122
SALTA,Anta,11.0,23.0,7209.0,1780.0,124.0,6.0,0.0,0.0,0.0,2.0,9155.0,47344.0,68543.0,21376.0,42.82840568862276
SALTA,Cachi,0.0,1.0,304.0,18.0,0.0,0.0,0.0,0.0,0.0,0.0,323.0,3148.0,9039.0,3881.0,8.322597268745168
SALTA,Cafayate,0.0,8.0,320.0,861.0,165.0,7.0,0.0,0.0,0.0,0.0,1361.0,13998.0,17992.0,5996.0,22.698465643762507
SALTA,Capital,28.0,819.0,3055.0,49072.0,1090.0,2753.0,1879.0,224.0,45713.0,22878.0,127511.0,534201.0,627107.0,208080.0,61.279796232218374
SALTA,Cerrillos,191.0,208.0,239.0,2173.0,145.0,77.0,48.0,9.0,1561.0,813.0,5464.0,20320.0,56287.0,17671.0,30.920717559843812
SALTA,Chicoana,146.0,9.0,622.0,1594.0,0.0,5.0,0.0,0.0,0.0,0.0,2376.0,15639.0,24913.0,8049.0,29.519194931047338
SALTA,General Güemes,1.0,51.0,395.0,2273.0,137.0,26.0,0.0,1.0,0.0,0.0,2884.0,44090.0,56948.0,17963.0,16.05522462840283
SALTA,General José de San Martín,3639.0,199.0,6687.0,6536.0,502.0,367.0,0.0,19.0,1.0,0.0,17950.0,144841.0,178367.0,57874.0,31.015654698137336
SALTA,Guachipas,35.0,2.0,110.0,1.0,0.0,0.0,0.0,0.0,0.0,0.0,148.0,2073.0,3757.0,1421.0,10.415200562983815
SALTA,Iruya,80.0,0.0,0.0,73.0,0.0,4.0,0.0,0.0,0.0,0.0,157.0,2973.0,5526.0,2762.0,5.684286748732802
SALTA,La Caldera,591.0,45.0,303.0,373.0,16.0,0.0,0.0,0.0,2.0,0.0,1330.0,6761.0,12458.0,5766.0,23.066250433576137
SALTA,La Candelaria,0.0,6.0,0.0,203.0,0.0,0.0,0.0,0.0,0.0,0.0,209.0,4502.0,7289.0,2632.0,7.9407294832826745
SALTA,La Poma,0.0,0.0,41.0,5.0,0.0,0.0,0.0,0.0,0.0,0.0,46.0,614.0,1799.0,715.0,6.433566433566433
SALTA,La Viña,115.0,2.0,131.0,29.0,0.0,2.0,0.0,0.0,0.0,0.0,279.0,6427.0,8879.0,3455.0,8.075253256150507
SALTA,Los Andes,23.0,6.0,132.0,82.0,0.0,0.0,1.0,1.0,0.0,0.0,245.0,5379.0,7912.0,2509.0,9.764846552411319
SALTA,Metán,0.0,63.0,887.0,3584.0,150.0,43.0,0.0,7.0,0.0,1.0,4735.0,36219.0,47395.0,17024.0,27.813674812030076
SALTA,Molinos,0.0,2.0,61.0,8.0,0.0,7.0,0.0,0.0,0.0,0.0,78.0,1743.0,5835.0,2124.0,3.672316384180791
SALTA,Orán,824.0,135.0,1413.0,4496.0,254.0,53.0,31.0,5.0,729.0,1515.0,9455.0,130725.0,160314.0,51226.0,18.457423964393083
SALTA,Rivadavia,20.0,16.0,117.0,79.0,1.0,0.0,0.0,0.0,0.0,0.0,233.0,13883.0,37873.0,11656.0,1.9989704873026766
SALTA,Rosario de Lerma,10.0,57.0,605.0,4853.0,34.0,148.0,0.0,3.0,0.0,1.0,5711.0,31126.0,51183.0,17110.0,33.3781414377557
SALTA,Rosario de la Frontera,3.0,31.0,690.0,2081.0,152.0,41.0,0.0,1.0,0.0,4.0,3003.0,25792.0,34497.0,12458.0,24.10499277572644
SALTA,San Carlos,400.0,3.0,175.0,15.0,0.0,2.0,0.0,0.0,0.0,0.0,595.0,4745.0,7751.0,3019.0,19.708512752567074
SALTA,Santa Victoria,245.0,152.0,4.0,132.0,0.0,2.0,0.0,0.0,0.0,0.0,535.0,3802.0,9008.0,4432.0,12.071299638989169
SAN JUAN,25 de Mayo,0.0,140.0,38.0,21.0,0.0,1.0,0.0,0.0,0.0,0.0,200.0,9904.0,20842.0,6056.0,3.302509907529723
SAN JUAN,9 de Julio,1.0,175.0,177.0,86.0,17.0,4.0,0.0,0.0,0.0,0.0,460.0,7127.0,12092.0,3408.0,13.497652582159624
SAN JUAN,Albardón,300.0,31.0,433.0,197.0,113.0,4.0,0.0,1.0,0.0,0.0,1079.0,23298.0,31229.0,9449.0,11.419197798708858
SAN JUAN,Angaco,72.0,0.0,70.0,55.0,0.0,2.0,0.0,0.0,0.0,0.0,199.0,4472.0,10149.0,3041.0,6.54390003288392
SAN JUAN,Calingasta,2.0,254.0,1184.0,0.0,0.0,0.0,0.0,0.0,0.0,0.0,1440.0,6649.0,10985.0,4266.0,33.755274261603375
SAN JUAN,Capital,72.0,747.0,12309.0,5056.0,17050.0,218.0,1478.0,9859.0,1519.0,309.0,48617.0,109123.0,113773.0,48425.0,100.39648941662365
SAN JUAN,Caucete,1589.0,2.0,467.0,455.0,650.0,3.0,0.0,1.0,0.0,0.0,3167.0,29933.0,44814.0,13121.0,24.136879810990017
SAN JUAN,Chimbas,0.0,88.0,2531.0,1219.0,1778.0,1.0,293.0,54.0,153.0,73.0,6190.0,87258.0,105181.0,29154.0,21.232077930987174
SAN JUAN,Iglesia,24.0,1.0,666.0,135.0,0.0,0.0,0.0,0.0,9.0,0.0,835.0,5630.0,8763.0,3932.0,21.236012207527978
SAN JUAN,Jáchal,4.0,381.0,1239.0,184.0,0.0,1.0,0.0,0.0,0.0,0.0,1809.0,17456.0,25462.0,9391.0,19.26312426791609
SAN JUAN,Pocito,0.0,16.0,423.0,296.0,303.0,6.0,0.0,1.0,0.0,0.0,1045.0,43453.0,74478.0,20575.0,5.078979343863913
SAN JUAN,Rawson,1.0,111.0,4155.0,3723.0,2467.0,65.0,0.0,43.0,21.0,4.0,10590.0,109944.0,136177.0,41629.0,25.438996853155256
SAN JUAN,Rivadavia,0.0,125.0,2570.0,1134.0,1202.0,0.0,0.0,38.0,25.0,8.0,5102.0,82582.0,99373.0,31769.0,16.059680820926058
SAN JUAN,San Martín,210.0,1.0,79.0,60.0,0.0,0.0,0.0,0.0,0.0,0.0,350.0,8331.0,14910.0,4364.0,8.020164986251146
SAN JUAN,Santa Lucía,0.0,53.0,2514.0,1642.0,1133.0,107.0,0.0,50.0,47.0,5.0,5551.0,48087.0,60919.0,19598.0,28.32431880804164
SAN JUAN,Sarmiento,0.0,3.0,93.0,202.0,0.0,8.0,0.0,0.0,0.0,0.0,306.0,14537.0,27293.0,8275.0,3.697885196374622
SAN JUAN,Ullum,0.0,84.0,117.0,185.0,0.0,2.0,0.0,0.0,0.0,0.0,388.0,4421.0,6463.0,2435.0,15.93429158110883
SAN JUAN,Valle Fértil,190.0,4.0,0.0,290.0,0.0,0.0,0.0,0.0,0.0,0.0,484.0,5163.0,8823.0,3981.0,12.157749309218788
SAN JUAN,Zonda,0.0,78.0,146.0,116.0,0.0,9.0,0.0,0.0,0.0,0.0,349.0,4539.0,6508.0,2565.0,13.606237816764132
SAN LUIS,Ayacucho,1.0,4.0,0.0,385.0,0.0,0.0,4372.0,0.0,0.0,0.0,4762.0,16315.0,23955.0,9479.0,50.23736681084503
SAN LUIS,Belgrano,0.0,0.0,0.0,0.0,0.0,0.0,1727.0,0.0,0.0,0.0,1727.0,2022.0,5412.0,2906.0,59.428768066070205
SAN LUIS,Chacabuco,0.0,2.0,0.0,922.0,0.0,0.0,5536.0,0.0,0.0,0.0,6460.0,18251.0,25432.0,10440.0,61.877394636015325
SAN LUIS,Coronel Pringles,0.0,27.0,100.0,435.0,0.0,1.0,4228.0,0.0,0.0,0.0,4791.0,10770.0,16024.0,7850.0,61.031847133757964
SAN LUIS,General Pedernera,14400.0,66.0,927.0,4289.0,8714.0,92.0,12243.0,2.0,1.0,1.0,40735.0,122426.0,150038.0,54108.0,75.28461595327863
SAN LUIS,Gobernador Dupuy,3.0,8.0,0.0,438.0,0.0,0.0,3042.0,0.0,0.0,0.0,3491.0,9923.0,14202.0,5558.0,62.810363440086356
SAN LUIS,Junín,0.0,421.0,1674.0,584.0,0.0,0.0,8575.0,0.0,0.0,0.0,11254.0,26357.0,40930.0,17781.0,63.29227827456274
SAN LUIS,Juan Martín de Pueyrredón,3.0,167.0,1184.0,1185.0,995.0,0.0,27894.0,3.0,6.0,0.0,31437.0,201902.0,260295.0,91297.0,34.433771098721756
SAN LUIS,Libertador General San Martín,0.0,9.0,0.0,1.0,0.0,0.0,995.0,0.0,0.0,0.0,1005.0,1830.0,4617.0,2191.0,45.86946599726153
SANTA CRUZ,Corpen Aike,1.0,17.0,104.0,342.0,1986.0,0.0,0.0,2.0,0.0,0.0,2452.0,10836.0,15027.0,6050.0,40.52892561983471
SANTA CRUZ,Deseado,370.0,6578.0,4562.0,5582.0,1252.0,13.0,0.0,222.0,24.0,5.0,18608.0,105983.0,126179.0,47015.0,39.57885781133681
SANTA CRUZ,Güer Aike,1.0,251.0,2021.0,1390.0,5423.0,1043.0,2315.0,92.0,2293.0,209.0,15038.0,110810.0,135511.0,54150.0,27.771006463527236
SANTA CRUZ,Lago Argentino,6.0,43.0,3503.0,3468.0,160.0,97.0,0.0,7.0,9.0,0.0,7293.0,18564.0,25403.0,11139.0,65.47266361432804
SANTA CRUZ,Lago Buenos Aires,5.0,36.0,0.0,2700.0,0.0,0.0,0.0,0.0,0.0,0.0,2741.0,7980.0,12618.0,5394.0,50.81572117167222
SANTA CRUZ,Magallanes,4.0,19.0,130.0,409.0,2303.0,0.0,0.0,1.0,0.0,0.0,2866.0,7894.0,12752.0,5594.0,51.2334644261709
SANTA CRUZ,Río Chico,1.0,5.0,1.0,0.0,0.0,0.0,0.0,0.0,0.0,0.0,7.0,4530.0,5983.0,2539.0,0.27569909413154786
SANTA FE,9 de Julio,0.0,22.0,3.0,3492.0,0.0,0.0,387.0,0.0,27.0,0.0,3931.0,24960.0,31435.0,12284.0,32.00097688049495
SANTA FE,Belgrano,168.0,59.0,1452.0,5761.0,803.0,291.0,1.0,5.0,10.0,2.0,8552.0,42743.0,48955.0,22736.0,37.61435608726249
SANTA FE,Caseros,858.0,90.0,3509.0,11381.0,1662.0,1724.0,86.0,30.0,1059.0,500.0,20899.0,79671.0,88276.0,39010.0,53.57344270699821
SANTA FE,Castellanos,116.0,395.0,3841.0,8224.0,3493.0,530.0,5632.0,719.0,16732.0,10544.0,50226.0,162542.0,193675.0,76620.0,65.55207517619421
SANTA FE,Constitución,1355.0,145.0,1152.0,12361.0,501.0,660.0,130.0,12.0,1016.0,671.0,18003.0,81516.0,94068.0,36879.0,48.81639957699504
SANTA FE,Garay,1.0,236.0,1796.0,228.0,5.0,0.0,0.0,0.0,0.0,0.0,2266.0,14019.0,24931.0,10047.0,22.55399621777645
SANTA FE,General López,524.0,1605.0,7082.0,20222.0,2063.0,2908.0,2094.0,1356.0,8557.0,6199.0,52610.0,183012.0,205389.0,88972.0,59.13096255001573
SANTA FE,General Obligado,2820.0,815.0,4865.0,6997.0,1978.0,3267.0,1291.0,8826.0,4437.0,5326.0,40622.0,151787.0,198212.0,69607.0,58.35907308173029
SANTA FE,Iriondo,1290.0,68.0,926.0,3817.0,2732.0,2878.0,1068.0,279.0,5451.0,1228.0,19737.0,61273.0,74924.0,32386.0,60.94300006175508
SANTA FE,La Capital,412.0,1845.0,7817.0,24422.0,1525.0,13160.0,2212.0,12083.0,45150.0,25068.0,133694.0,517937.0,573448.0,226163.0,59.114001848224504
SANTA FE,Las Colonias,206.0,180.0,1396.0,5665.0,1321.0,95.0,1995.0,140.0,8649.0,3310.0,22957.0,91817.0,117080.0,49011.0,46.84050519271184
SANTA FE,Rosario,163.0,4864.0,28228.0,125405.0,5307.0,22133.0,7546.0,2605.0,103862.0,68471.0,368584.0,1183731.0,1342619.0,572022.0,64.43528395761003
SANTA FE,San Cristóbal,658.0,46.0,3416.0,7594.0,184.0,495.0,0.0,125.0,128.0,72.0,12718.0,53689.0,72716.0,29754.0,42.74383276198158
SANTA FE,San Javier,195.0,330.0,1611.0,636.0,5.0,97.0,0.0,95.0,12.0,0.0,2981.0,24975.0,34030.0,12604.0,23.651221834338305
SANTA FE,San Jerónimo,2121.0,73.0,1299.0,12253.0,567.0,1986.0,0.0,2817.0,931.0,40.0,22087.0,74727.0,84920.0,36584.0,60.37338727312487
SANTA FE,San Justo,806.0,424.0,100.0,5835.0,425.0,95.0,13.0,9.0,326.0,1506.0,9539.0,37062.0,47240.0,19176.0,49.744472256987905
SANTA FE,San Lorenzo,351.0,1148.0,5314.0,9781.0,577.0,7339.0,4813.0,375.0,4271.0,4951.0,38920.0,153767.0,197327.0,77100.0,50.4798962386511
SANTA FE,San Martín,812.0,521.0,3131.0,6237.0,1004.0,2838.0,21.0,1404.0,0.0,1.0,15969.0,58899.0,70029.0,28101.0,56.82715917583005
SANTA FE,Vera,3050.0,37.0,899.0,4009.0,139.0,0.0,0.0,0.0,0.0,0.0,8134.0,43808.0,57248.0,21524.0,37.79037353651737
SANTIAGO DEL ESTERO,Aguirre,0.0,4.0,2.0,469.0,0.0,1.0,0.0,0.0,1.0,0.0,477.0,5776.0,8808.0,3956.0,12.057633973710818
SANTIAGO DEL ESTERO,Alberdi,63.0,17.0,198.0,27.0,9.0,1.0,0.0,1.0,1.0,1.0,318.0,9949.0,19954.0,6799.0,4.67715840564789
SANTIAGO DEL ESTERO,Atamisqui,1.0,3.0,74.0,3.0,2.0,0.0,0.0,0.0,0.0,1.0,84.0,4272.0,14692.0,4989.0,1.683704149128082
SANTIAGO DEL ESTERO,Avellaneda,100.0,6.0,80.0,856.0,7.0,1.0,0.0,1.0,1.0,1.0,1053.0,10928.0,25025.0,8268.0,12.735849056603774
SANTIAGO DEL ESTERO,Banda,5.0,6.0,734.0,10.0,0.0,7.0,125.0,4.0,494.0,525.0,1910.0,120031.0,169862.0,52010.0,3.6723706979427035
SANTIAGO DEL ESTERO,Belgrano,0.0,6.0,0.0,842.0,1.0,0.0,16.0,0.0,2.0,0.0,867.0,8032.0,10662.0,3813.0,22.738001573564123
SANTIAGO DEL ESTERO,Capital,250.0,1340.0,7921.0,64593.0,10457.0,2481.0,312.0,359.0,3057.0,3826.0,94596.0,256578.0,329084.0,110331.0,85.7383690893765
SANTIAGO DEL ESTERO,Choya,1.0,51.0,996.0,3445.0,126.0,110.0,0.0,5.0,5.0,3.0,4742.0,30807.0,43653.0,15609.0,30.37990902684349
SANTIAGO DEL ESTERO,Copo,223.0,14.0,621.0,268.0,7.0,0.0,0.0,0.0,0.0,0.0,1133.0,20759.0,35669.0,12798.0,8.852945772776996
SANTIAGO DEL ESTERO,Figueroa,0.0,15.0,47.0,7.0,1.0,3.0,0.0,3.0,1.0,0.0,77.0,3685.0,20063.0,6130.0,1.2561174551386622
SANTIAGO DEL ESTERO,General Taboada,448.0,12.0,128.0,2914.0,70.0,1.0,0.0,4.0,7.0,1.0,3585.0,29005.0,45752.0,14222.0,25.20742511601744
SANTIAGO DEL ESTERO,Guasayán,200.0,2.0,0.0,3.0,0.0,0.0,0.0,2.0,0.0,0.0,207.0,3551.0,8775.0,3559.0,5.816240516999157
SANTIAGO DEL ESTERO,Jiménez,343.0,5.0,0.0,3.0,0.0,2.0,0.0,1.0,1.0,0.0,355.0,5443.0,18567.0,6508.0,5.454824830977259
SANTIAGO DEL ESTERO,Juan Felipe Ibarra,21.0,7.0,28.0,377.0,20.0,1.0,1.0,1.0,1.0,0.0,457.0,10974.0,20459.0,6264.0,7.295657726692209
SANTIAGO DEL ESTERO,Loreto,0.0,1.0,335.0,2.0,0.0,0.0,0.0,0.0,3.0,1.0,342.0,10996.0,23966.0,7286.0,4.693933571232501
SANTIAGO DEL ESTERO,Mitre,0.0,1.0,0.0,3.0,0.0,0.0,0.0,0.0,0.0,0.0,4.0,510.0,1437.0,659.0,0.6069802731411229
SANTIAGO DEL ESTERO,Moreno,394.0,12.0,688.0,486.0,29.0,1.0,0.0,1.0,4.0,3.0,1618.0,22663.0,40023.0,11637.0,13.903927128985133
SANTIAGO DEL ESTERO,Ojo de Agua,333.0,6.0,97.0,2.0,0.0,0.0,0.0,1.0,1.0,1.0,441.0,9213.0,14976.0,6087.0,7.24494825036964
SANTIAGO DEL ESTERO,Pellegrini,265.0,23.0,0.0,2.0,1.0,1.0,0.0,0.0,2.0,0.0,294.0,8859.0,26653.0,9653.0,3.0456852791878175
SANTIAGO DEL ESTERO,Quebrachos,0.0,1.0,210.0,1.0,0.0,0.0,0.0,0.0,0.0,0.0,212.0,5868.0,11339.0,4279.0,4.9544286048142085
SANTIAGO DEL ESTERO,Rivadavia,0.0,3.0,485.0,104.0,0.0,0.0,0.0,0.0,0.0,0.0,592.0,3281.0,5287.0,2187.0,27.06904435299497
SANTIAGO DEL ESTERO,Robles,1.0,9.0,308.0,875.0,61.0,25.0,0.0,8.0,6.0,3.0,1296.0,29830.0,53221.0,16920.0,7.659574468085106
SANTIAGO DEL ESTERO,Río Hondo,108.0,26.0,586.0,2372.0,73.0,38.0,0.0,2.0,2.0,5.0,3212.0,35905.0,66836.0,22151.0,14.500474019231637
SANTIAGO DEL ESTERO,Salavina,0.0,3.0,0.0,8.0,1.0,0.0,0.0,0.0,0.0,1.0,13.0,3941.0,12744.0,4485.0,0.2898550724637681
SANTIAGO DEL ESTERO,San Martín,0.0,3.0,73.0,1.0,1.0,0.0,0.0,1.0,0.0,0.0,79.0,3778.0,11626.0,3665.0,2.155525238744884
SANTIAGO DEL ESTERO,Sarmiento,0.0,1.0,0.0,0.0,0.0,0.0,0.0,0.0,0.0,0.0,1.0,2584.0,5049.0,1661.0,0.060204695966285374
SANTIAGO DEL ESTERO,Silípica,0.0,2.0,103.0,3.0,0.0,3.0,0.0,1.0,0.0,0.0,112.0,2840.0,9846.0,3132.0,3.5759897828863343
TIERRA DEL FUEGO,Antártida Argentina,0.0,0.0,0.0,2.0,0.0,0.0,0.0,0.0,0.0,0.0,2.0,0.0,130.0,1.0,200.0
TIERRA DEL FUEGO,Río Grande,1409.0,782.0,4980.0,12547.0,5883.0,254.0,1390.0,23.0,788.0,10.0,28066.0,69101.0,107896.0,36735.0,76.40125221178712
TIERRA DEL FUEGO,Ushuaia,898.0,136.0,1619.0,9341.0,11850.0,47.0,290.0,94.0,57.0,67.0,24399.0,56722.0,82615.0,30492.0,80.0177095631641
TUCUMAN,Burruyacú,2.0,3.0,8.0,4.0,0.0,0.0,0.0,0.0,0.0,0.0,17.0,6190.0,43727.0,13909.0,0.12222302106549716
TUCUMAN,Capital,8.0,2015.0,9201.0,42588.0,4436.0,10073.0,3241.0,944.0,67264.0,42077.0,181847.0,548866.0,584798.0,202749.0,89.69070131048736
TUCUMAN,Chicligasta,1.0,40.0,429.0,3558.0,76.0,31.0,90.0,2.0,962.0,1051.0,6240.0,56128.0,92085.0,26945.0,23.158285396177398
TUCUMAN,Cruz Alta,2.0,5.0,104.0,491.0,40.0,79.0,37.0,125.0,891.0,2715.0,4489.0,142703.0,226150.0,63331.0,7.088155879427137
TUCUMAN,Famaillá,1.0,6.0,53.0,1358.0,78.0,32.0,0.0,41.0,38.0,32.0,1639.0,22924.0,41816.0,11838.0,13.845244129075857
TUCUMAN,Graneros,2.0,7.0,64.0,0.0,0.0,0.0,0.0,0.0,0.0,0.0,73.0,6457.0,14866.0,5288.0,1.380484114977307
TUCUMAN,Juan Bautista Alberdi,0.0,10.0,28.0,1670.0,110.0,120.0,0.0,3.0,0.0,0.0,1941.0,18430.0,34189.0,11080.0,17.518050541516246
TUCUMAN,La Cocha,2.0,7.0,6.0,286.0,53.0,35.0,0.0,1.0,0.0,0.0,390.0,6701.0,21000.0,6579.0,5.927952576379389
TUCUMAN,Leales,0.0,2.0,15.0,1484.0,83.0,84.0,0.0,39.0,60.0,0.0,1767.0,23559.0,64732.0,20394.0,8.664313033245072
TUCUMAN,Lules,0.0,28.0,553.0,5179.0,191.0,253.0,15.0,163.0,243.0,241.0,6866.0,50319.0,89622.0,27570.0,24.903881030105186
TUCUMAN,Monteros,1.0,15.0,1047.0,2376.0,131.0,60.0,0.0,14.0,10.0,0.0,3654.0,46557.0,77198.0,23940.0,15.263157894736842
TUCUMAN,Río Chico,0.0,16.0,160.0,2386.0,147.0,90.0,0.0,0.0,0.0,0.0,2799.0,43789.0,64146.0,19903.0,14.063206551776114
TUCUMAN,Simoca,0.0,0.0,389.0,3.0,0.0,0.0,0.0,0.0,0.0,0.0,392.0,10135.0,35051.0,11837.0,3.311649911295092
TUCUMAN,Tafí Viejo,2.0,52.0,692.0,5648.0,180.0,2470.0,131.0,78.0,1712.0,982.0,11947.0,42126.0,169363.0,53528.0,22.319160065759977
TUCUMAN,Tafí del Valle,0.0,17.0,77.0,539.0,11.0,3.0,0.0,10.0,0.0,0.0,657.0,7268.0,20091.0,15452.0,4.251876779704893
TUCUMAN,Trancas,0.0,2.0,10.0,528.0,2.0,0.0,0.0,0.0,0.0,0.0,542.0,3065.0,22478.0,10929.0,4.959282642510751
TUCUMAN,Yerba Buena,176.0,26.0,295.0,1751.0,97.0,2049.0,248.0,29.0,5406.0,5860.0,15937.0,72120.0,101874.0,30529.0,52.202823544826224
